,0,1,2,3,4,5,6,7,8,9,10,11,12,13,14,15,16,17,18,19,20,21,22,23,24,25,26,27,28,29,30,31,32,33,34,35
0,15.0,12.0,28.0,14.0,16.0,4.0,1.394,-1.305,-1.795,-0.603,-0.87,0.096,-0.73,-0.802,-1.527,-1.012,1.706,-0.904,0.862,1.495,1.23,-1.116,-1.344,-1.783,-1.853,-1.223,2.007,-0.544,1.075,-0.086,0.053,1.763,-1.603,-0.151,-1.416,0.164
1,9.0,17.0,17.0,16.0,29.0,4.0,-1.938,-0.011,-0.049,-1.425,-1.45,-1.119,-0.29,-0.981,-1.701,-0.576,-1.295,1.484,1.841,-1.809,0.793,0.309,1.618,0.675,0.198,0.857,-0.406,0.777,1.254,-0.135,1.716,1.226,1.946,-1.369,0.082,1.787
2,6.0,24.0,28.0,16.0,22.0,11.0,1.616,-0.672,1.239,-1.819,-1.598,0.352,0.153,-0.32,-0.617,0.442,-0.258,0.907,0.037,0.293,0.55,1.996,1.235,-0.361,1.525,1.334,-1.796,0.878,1.198,0.952,0.865,0.136,-1.532,1.857,-0.377,-1.111
3,12.0,2.0,22.0,3.0,5.0,7.0,-1.336,1.005,-0.921,0.161,-1.954,1.67,1.573,-1.889,1.876,-1.402,-0.877,0.375,1.744,1.43,-1.974,0.066,0.256,-0.049,1.091,-1.348,1.071,-1.917,-1.459,-1.562,-0.728,0.706,-0.098,1.287,-0.845,0.903
4,14.0,15.0,27.0,4.0,13.0,7.0,0.034,1.054,1.442,-1.988,-0.725,1.867,0.085,-0.701,0.16,-1.147,1.213,-0.664,0.132,-1.943,0.694,-1.185,1.743,-0.502,0.995,1.055,1.497,-1.575,-0.776,-0.13,0.739,-0.921,0.821,0.666,-1.231,-0.739
5,7.0,7.0,4.0,21.0,6.0,8.0,-1.74,1.125,-0.292,0.877,1.881,0.159,0.054,-1.729,-0.963,0.043,0.758,1.188,-0.477,-1.766,-0.831,1.662,-1.17,-0.21,1.683,-1.919,0.433,1.774,-1.058,0.239,1.619,-1.466,0.121,1.047,0.684,-0.165
6,14.0,7.0,0.0,22.0,5.0,24.0,0.041,1.137,1.514,-1.921,-0.774,1.801,0.033,-0.733,0.204,-1.132,1.273,-0.584,0.113,-1.958,0.708,-1.156,1.762,-0.475,1.017,1.063,1.472,-1.579,-0.82,-0.143,0.643,-0.966,0.758,0.676,-1.298,-0.69
7,9.0,26.0,11.0,26.0,11.0,15.0,-1.92,0.043,0.021,-1.434,-1.445,-1.087,-0.278,-0.996,-1.662,-0.577,-1.333,1.479,1.768,-1.881,0.778,0.274,1.639,0.702,0.166,0.83,-0.486,0.779,1.284,-0.145,1.768,1.261,1.982,-1.304,0.097,1.787
8,7.0,9.0,27.0,9.0,18.0,8.0,-1.662,1.15,-0.209,0.905,1.916,0.158,-0.036,-1.721,-0.961,0.021,0.671,1.2,-0.519,-1.69,-0.885,1.679,-1.19,-0.171,1.678,-1.921,0.383,1.79,-1.122,0.164,1.662,-1.513,0.132,1.022,0.691,-0.104
9,3.0,23.0,5.0,30.0,9.0,12.0,0.212,0.802,-0.837,0.088,1.562,1.552,-1.542,-1.153,-1.753,-0.223,-1.844,-0.124,0.629,-0.93,0.753,0.362,-1.879,0.215,-0.991,-0.382,-0.852,0.756,-0.216,-1.333,0.177,1.135,-0.783,-1.128,-0.436,1.725
10,13.0,20.0,29.0,26.0,23.0,30.0,1.074,-1.059,1.346,1.832,1.852,-0.181,0.47,1.065,0.573,0.869,-1.903,-0.775,-1.725,1.42,-0.541,0.68,-1.02,-0.621,-1.968,-0.551,1.785,-1.136,-0.69,1.667,-1.905,-1.746,0.542,1.492,-1.943,1.007
11,1.0,7.0,4.0,14.0,14.0,13.0,-0.315,0.917,-2.045,-0.806,-1.459,-1.583,-1.275,-0.607,-0.437,0.149,-0.326,0.79,-1.232,1.561,-1.896,0.71,-0.341,0.28,-1.442,-1.247,1.154,1.846,-0.703,0.818,1.457,1.609,-1.685,-1.795,-1.296,1.468
12,7.0,19.0,28.0,3.0,13.0,5.0,-1.696,1.152,-0.253,0.881,1.956,0.149,0.053,-1.742,-0.941,0.047,0.746,1.202,-0.444,-1.744,-0.805,1.687,-1.185,-0.213,1.697,-1.942,0.416,1.839,-1.101,0.24,1.675,-1.507,0.088,1.003,0.663,-0.103
13,11.0,14.0,29.0,15.0,10.0,14.0,-1.253,-1.88,-0.168,0.941,-0.307,-0.033,-1.937,-0.048,1.808,1.385,0.953,-1.607,1.575,1.47,-1.308,0.554,-1.933,-1.488,-0.753,-1.339,1.0,1.249,-0.618,-0.724,-1.553,-1.627,0.864,0.419,-1.823,-0.076
14,13.0,25.0,2.0,20.0,8.0,26.0,1.136,-1.055,1.342,1.876,1.867,-0.197,0.466,1.068,0.52,0.923,-1.909,-0.773,-1.776,1.443,-0.489,0.762,-0.984,-0.599,-1.945,-0.539,1.798,-1.149,-0.689,1.65,-1.906,-1.728,0.493,1.517,-1.928,0.96
15,12.0,13.0,9.0,22.0,7.0,5.0,-1.375,0.99,-0.922,0.17,-1.991,1.646,1.616,-1.905,1.823,-1.442,-0.845,0.407,1.728,1.422,-2.016,0.132,0.162,-0.009,1.115,-1.314,1.099,-1.908,-1.473,-1.51,-0.79,0.69,-0.138,1.306,-0.891,0.9
16,8.0,1.0,27.0,6.0,28.0,13.0,1.477,1.853,1.442,0.125,-1.086,-1.968,-0.302,-0.391,0.052,-0.069,0.258,0.221,1.065,0.85,0.454,-0.345,-0.891,1.872,-0.645,-1.15,-1.729,1.905,-1.489,-0.692,-1.691,-1.138,-0.386,1.57,-0.654,1.931
17,4.0,15.0,30.0,23.0,10.0,14.0,1.852,0.157,1.852,0.856,0.801,-1.148,1.866,-1.947,-1.01,-0.23,1.141,-1.249,1.473,1.976,-1.304,0.373,-2.0,-0.417,-1.857,1.781,-0.207,1.764,1.123,1.417,-1.278,-1.683,0.449,-1.284,0.895,-0.391
18,6.0,25.0,14.0,0.0,13.0,28.0,1.536,-0.691,1.28,-1.86,-1.57,0.356,0.131,-0.321,-0.63,0.484,-0.297,0.976,0.045,0.323,0.567,1.975,1.294,-0.395,1.545,1.322,-1.777,0.913,1.16,0.918,0.853,0.164,-1.512,1.879,-0.382,-1.149
19,1.0,0.0,29.0,1.0,2.0,7.0,-0.311,0.845,-2.044,-0.799,-1.383,-1.631,-1.24,-0.664,-0.397,0.143,-0.353,0.772,-1.22,1.51,-1.891,0.644,-0.375,0.195,-1.462,-1.216,1.208,1.886,-0.77,0.73,1.547,1.534,-1.676,-1.827,-1.31,1.531
20,7.0,17.0,21.0,9.0,10.0,0.0,-1.742,1.167,-0.257,0.912,1.892,0.179,-0.01,-1.685,-0.953,-0.027,0.718,1.205,-0.435,-1.696,-0.889,1.609,-1.129,-0.232,1.675,-1.884,0.408,1.802,-1.098,0.185,1.62,-1.507,0.139,0.995,0.666,-0.113
21,7.0,7.0,6.0,20.0,9.0,4.0,-1.719,1.125,-0.256,0.892,1.87,0.119,-0.009,-1.68,-0.891,-0.01,0.713,1.235,-0.505,-1.721,-0.836,1.628,-1.104,-0.146,1.686,-1.863,0.411,1.789,-1.093,0.217,1.61,-1.502,0.044,1.006,0.694,-0.165
22,0.0,3.0,17.0,16.0,21.0,28.0,0.167,0.855,0.409,0.167,-0.319,0.54,-0.29,1.553,1.842,-0.486,1.123,0.073,0.272,1.749,-1.696,-1.64,-1.932,1.307,1.119,1.514,1.938,1.212,-0.176,1.154,-1.53,0.582,-1.385,1.766,0.097,-0.317
23,4.0,4.0,15.0,18.0,25.0,6.0,1.846,0.17,1.858,0.893,0.757,-1.143,1.895,-1.938,-0.993,-0.273,1.104,-1.232,1.478,1.967,-1.319,0.344,-2.008,-0.5,-1.849,1.851,-0.28,1.817,1.142,1.454,-1.293,-1.656,0.411,-1.296,0.941,-0.414
24,3.0,2.0,0.0,22.0,14.0,14.0,0.159,0.839,-0.792,0.084,1.622,1.583,-1.483,-1.155,-1.823,-0.205,-1.886,-0.187,0.594,-0.917,0.728,0.358,-1.868,0.215,-0.991,-0.322,-0.817,0.779,-0.202,-1.421,0.16,1.149,-0.804,-1.128,-0.492,1.722
25,14.0,16.0,12.0,13.0,11.0,17.0,0.103,1.109,1.483,-1.991,-0.804,1.854,0.102,-0.77,0.169,-1.097,1.218,-0.658,0.149,-1.927,0.705,-1.205,1.717,-0.496,0.977,1.017,1.463,-1.574,-0.766,-0.08,0.736,-0.953,0.841,0.582,-1.278,-0.662
26,3.0,29.0,10.0,28.0,16.0,4.0,0.219,0.818,-0.88,0.028,1.61,1.598,-1.492,-1.133,-1.755,-0.212,-1.853,-0.151,0.592,-0.846,0.71,0.323,-1.939,0.262,-0.916,-0.308,-0.898,0.807,-0.229,-1.36,0.204,1.108,-0.747,-1.124,-0.441,1.712
27,4.0,19.0,27.0,24.0,5.0,1.0,1.913,0.181,1.922,0.837,0.804,-1.151,1.929,-2.014,-0.97,-0.263,1.131,-1.223,1.502,1.923,-1.382,0.397,-2.002,-0.461,-1.87,1.876,-0.246,1.819,1.152,1.457,-1.271,-1.739,0.407,-1.366,0.926,-0.324
28,2.0,5.0,10.0,21.0,28.0,26.0,-0.298,-1.904,0.227,-0.213,-0.367,-0.682,-1.23,0.455,-0.787,-0.934,0.518,0.135,-1.475,0.016,-1.241,1.137,1.382,-0.031,1.407,-1.67,0.007,-1.77,-0.321,-1.623,-1.475,0.41,-1.058,-1.591,-1.108,-0.639
29,15.0,9.0,18.0,24.0,4.0,13.0,1.353,-1.329,-1.804,-0.548,-0.91,0.132,-0.729,-0.831,-1.559,-0.976,1.661,-0.918,0.839,1.417,1.266,-1.142,-1.324,-1.773,-1.851,-1.22,1.986,-0.515,1.034,-0.119,0.065,1.778,-1.532,-0.103,-1.437,0.192
30,5.0,3.0,2.0,30.0,24.0,19.0,-1.129,1.52,-1.156,1.695,-0.05,0.483,1.028,0.081,-0.783,-1.271,-1.651,0.999,-0.255,-1.413,1.49,-0.861,-0.34,-0.836,0.478,0.327,0.354,-0.951,-0.85,-1.012,-0.736,-1.429,-1.318,1.876,1.869,-1.295
31,12.0,18.0,18.0,8.0,10.0,5.0,-1.357,0.949,-0.921,0.095,-1.919,1.638,1.621,-1.847,1.814,-1.455,-0.888,0.451,1.73,1.423,-1.96,0.114,0.223,-0.011,1.026,-1.315,1.053,-1.937,-1.468,-1.552,-0.725,0.678,-0.154,1.226,-0.834,0.946
32,12.0,9.0,2.0,14.0,4.0,8.0,-1.431,0.942,-0.947,0.173,-1.987,1.651,1.612,-1.821,1.79,-1.476,-0.857,0.384,1.734,1.414,-2.004,0.093,0.172,-0.028,1.12,-1.377,1.045,-1.872,-1.482,-1.531,-0.793,0.707,-0.144,1.303,-0.865,0.911
33,14.0,29.0,30.0,23.0,25.0,1.0,0.006,1.074,1.443,-1.965,-0.775,1.811,0.014,-0.69,0.201,-1.12,1.215,-0.588,0.118,-1.962,0.669,-1.126,1.72,-0.524,1.021,1.038,1.443,-1.594,-0.797,-0.124,0.716,-0.937,0.813,0.648,-1.297,-0.676
34,11.0,17.0,5.0,1.0,12.0,22.0,-1.279,-1.953,-0.108,0.877,-0.355,-0.036,-1.948,-0.033,1.789,1.411,0.953,-1.581,1.607,1.429,-1.292,0.556,-1.876,-1.565,-0.721,-1.348,0.996,1.256,-0.66,-0.758,-1.538,-1.658,0.844,0.409,-1.824,-0.11
35,7.0,16.0,28.0,27.0,29.0,11.0,-1.726,1.113,-0.236,0.851,1.927,0.18,0.043,-1.73,-0.943,-0.05,0.68,1.165,-0.513,-1.687,-0.839,1.684,-1.146,-0.16,1.747,-1.916,0.423,1.83,-1.082,0.157,1.62,-1.501,0.084,1.038,0.662,-0.142
36,8.0,5.0,24.0,24.0,16.0,27.0,1.485,1.836,1.513,0.092,-1.083,-1.931,-0.232,-0.378,0.054,-0.077,0.251,0.199,1.067,0.872,0.529,-0.285,-0.881,1.871,-0.617,-1.159,-1.746,1.931,-1.516,-0.691,-1.671,-1.133,-0.396,1.569,-0.661,1.979
37,13.0,1.0,14.0,6.0,26.0,19.0,1.107,-1.009,1.307,1.892,1.903,-0.151,0.401,1.056,0.554,0.847,-1.877,-0.815,-1.721,1.432,-0.465,0.68,-1.015,-0.596,-1.929,-0.599,1.756,-1.175,-0.724,1.637,-1.898,-1.743,0.487,1.448,-1.974,1.018
38,7.0,12.0,18.0,21.0,2.0,16.0,-1.714,1.162,-0.256,0.875,1.889,0.178,0.036,-1.724,-0.957,-0.004,0.744,1.228,-0.437,-1.738,-0.885,1.644,-1.163,-0.205,1.721,-1.879,0.428,1.76,-1.05,0.231,1.588,-1.487,0.049,1.029,0.63,-0.095
39,11.0,18.0,11.0,7.0,10.0,18.0,-1.304,-1.913,-0.195,0.882,-0.348,-0.041,-1.974,-0.036,1.782,1.452,0.898,-1.572,1.56,1.432,-1.38,0.53,-1.901,-1.554,-0.766,-1.407,1.062,1.281,-0.66,-0.712,-1.588,-1.618,0.831,0.394,-1.772,-0.094
40,2.0,6.0,21.0,21.0,28.0,12.0,-0.298,-1.914,0.236,-0.225,-0.285,-0.717,-1.196,0.433,-0.81,-0.929,0.527,0.092,-1.426,0.006,-1.312,1.117,1.381,-0.061,1.386,-1.667,0.057,-1.737,-0.333,-1.664,-1.442,0.366,-1.097,-1.59,-1.128,-0.588
41,1.0,29.0,14.0,8.0,24.0,3.0,-0.338,0.839,-2.004,-0.752,-1.427,-1.666,-1.28,-0.577,-0.424,0.186,-0.321,0.726,-1.14,1.525,-1.899,0.691,-0.325,0.218,-1.389,-1.215,1.247,1.831,-0.703,0.74,1.482,1.586,-1.633,-1.878,-1.328,1.551
42,11.0,0.0,24.0,7.0,8.0,4.0,-1.259,-1.923,-0.117,0.887,-0.273,-0.013,-1.938,-0.076,1.78,1.393,0.891,-1.605,1.583,1.446,-1.309,0.568,-1.938,-1.501,-0.687,-1.343,1.001,1.243,-0.596,-0.747,-1.567,-1.675,0.828,0.431,-1.769,-0.071
43,3.0,11.0,20.0,2.0,18.0,0.0,0.225,0.798,-0.796,0.061,1.577,1.558,-1.527,-1.144,-1.794,-0.269,-1.895,-0.183,0.583,-0.885,0.738,0.363,-1.878,0.2,-0.929,-0.34,-0.884,0.752,-0.25,-1.366,0.192,1.087,-0.728,-1.151,-0.402,1.738
44,7.0,9.0,25.0,25.0,2.0,26.0,-1.705,1.16,-0.236,0.939,1.913,0.156,0.021,-1.667,-0.974,-0.028,0.721,1.206,-0.514,-1.7,-0.803,1.619,-1.113,-0.174,1.774,-1.931,0.367,1.759,-1.035,0.185,1.616,-1.434,0.089,1.028,0.691,-0.159
45,2.0,15.0,24.0,25.0,30.0,1.0,-0.301,-1.857,0.202,-0.223,-0.346,-0.695,-1.214,0.523,-0.802,-0.918,0.458,0.072,-1.417,0.05,-1.268,1.142,1.455,-0.019,1.369,-1.639,0.061,-1.743,-0.25,-1.572,-1.488,0.374,-1.137,-1.566,-1.077,-0.648
46,3.0,6.0,20.0,19.0,25.0,5.0,0.192,0.832,-0.813,0.055,1.599,1.557,-1.513,-1.143,-1.751,-0.28,-1.869,-0.207,0.646,-0.841,0.729,0.353,-1.924,0.251,-0.979,-0.373,-0.873,0.783,-0.209,-1.366,0.219,1.151,-0.81,-1.129,-0.438,1.712
47,7.0,9.0,26.0,5.0,8.0,27.0,-1.736,1.102,-0.263,0.848,1.923,0.13,-0.025,-1.673,-0.949,0.006,0.716,1.187,-0.483,-1.704,-0.801,1.63,-1.146,-0.194,1.77,-1.888,0.385,1.841,-1.046,0.216,1.596,-1.5,0.052,1.003,0.668,-0.152
48,13.0,18.0,18.0,14.0,15.0,30.0,1.09,-1.077,1.303,1.902,1.906,-0.22,0.481,1.128,0.545,0.867,-1.864,-0.824,-1.743,1.39,-0.518,0.671,-1.002,-0.605,-2.007,-0.562,1.808,-1.142,-0.734,1.681,-1.897,-1.762,0.518,1.48,-1.991,0.975
49,7.0,16.0,1.0,8.0,8.0,18.0,-1.672,1.141,-0.286,0.941,1.918,0.164,0.026,-1.711,-0.947,-0.02,0.709,1.199,-0.466,-1.728,-0.845,1.619,-1.182,-0.215,1.725,-1.894,0.437,1.783,-1.123,0.168,1.627,-1.497,0.073,0.954,0.683,-0.152
50,14.0,18.0,1.0,25.0,6.0,19.0,0.031,1.051,1.467,-1.99,-0.8,1.841,0.012,-0.731,0.177,-1.165,1.275,-0.607,0.199,-1.948,0.674,-1.17,1.716,-0.497,0.98,1.013,1.477,-1.542,-0.825,-0.071,0.705,-0.937,0.814,0.643,-1.307,-0.714
51,2.0,20.0,17.0,7.0,2.0,28.0,-0.259,-1.945,0.227,-0.257,-0.347,-0.66,-1.19,0.434,-0.765,-0.972,0.483,0.095,-1.468,0.096,-1.238,1.114,1.431,-0.034,1.433,-1.649,-0.017,-1.726,-0.301,-1.657,-1.462,0.424,-1.07,-1.533,-1.123,-0.615
52,11.0,29.0,29.0,28.0,18.0,25.0,-1.302,-1.94,-0.111,0.885,-0.279,-0.083,-1.921,-0.089,1.746,1.399,0.882,-1.576,1.532,1.432,-1.337,0.556,-1.933,-1.494,-0.749,-1.352,0.994,1.289,-0.597,-0.685,-1.52,-1.68,0.813,0.422,-1.819,-0.073
53,14.0,19.0,12.0,27.0,22.0,6.0,0.097,1.077,1.438,-1.995,-0.712,1.857,0.029,-0.704,0.151,-1.164,1.275,-0.603,0.174,-1.966,0.667,-1.14,1.69,-0.467,1.015,1.073,1.504,-1.6,-0.812,-0.089,0.702,-0.992,0.791,0.654,-1.235,-0.76
54,3.0,17.0,28.0,13.0,22.0,4.0,0.158,0.828,-0.848,0.029,1.563,1.543,-1.501,-1.21,-1.816,-0.212,-1.914,-0.138,0.589,-0.874,0.72,0.353,-1.861,0.251,-0.932,-0.32,-0.821,0.814,-0.241,-1.369,0.182,1.092,-0.766,-1.143,-0.421,1.779
55,4.0,27.0,7.0,1.0,12.0,14.0,1.873,0.213,1.861,0.818,0.777,-1.112,1.927,-1.938,-0.951,-0.225,1.11,-1.195,1.449,1.917,-1.355,0.425,-1.976,-0.465,-1.778,1.806,-0.211,1.803,1.149,1.502,-1.326,-1.667,0.442,-1.329,0.954,-0.344
56,2.0,28.0,4.0,30.0,16.0,26.0,-0.299,-1.914,0.162,-0.293,-0.295,-0.646,-1.231,0.438,-0.786,-0.904,0.512,0.079,-1.43,0.085,-1.273,1.111,1.413,-0.045,1.384,-1.674,-0.017,-1.727,-0.335,-1.65,-1.536,0.409,-1.072,-1.551,-1.078,-0.602
57,4.0,14.0,3.0,20.0,2.0,22.0,1.825,0.156,1.848,0.826,0.769,-1.107,1.9,-2.022,-0.938,-0.239,1.077,-1.255,1.483,1.97,-1.385,0.436,-1.932,-0.409,-1.784,1.862,-0.227,1.764,1.103,1.437,-1.303,-1.686,0.42,-1.311,0.977,-0.382
58,1.0,26.0,29.0,18.0,8.0,29.0,-0.347,0.912,-1.98,-0.799,-1.441,-1.674,-1.267,-0.608,-0.462,0.13,-0.31,0.734,-1.184,1.547,-1.844,0.711,-0.332,0.195,-1.409,-1.19,1.239,1.837,-0.783,0.789,1.487,1.556,-1.664,-1.809,-1.305,1.49
59,14.0,14.0,19.0,22.0,4.0,15.0,0.093,1.052,1.507,-1.935,-0.793,1.86,0.097,-0.743,0.176,-1.124,1.215,-0.609,0.169,-1.969,0.719,-1.135,1.731,-0.52,1.051,1.054,1.443,-1.562,-0.782,-0.135,0.701,-0.975,0.826,0.657,-1.228,-0.737
60,12.0,14.0,13.0,17.0,13.0,30.0,-1.363,0.955,-0.952,0.143,-1.97,1.629,1.648,-1.912,1.795,-1.425,-0.819,0.45,1.747,1.373,-1.959,0.081,0.256,-0.049,1.1,-1.402,1.066,-1.895,-1.493,-1.533,-0.737,0.72,-0.079,1.282,-0.816,0.975
61,14.0,2.0,7.0,15.0,7.0,11.0,0.069,1.082,1.506,-1.964,-0.757,1.848,0.03,-0.733,0.132,-1.141,1.253,-0.613,0.128,-1.982,0.721,-1.176,1.75,-0.52,0.964,1.091,1.491,-1.597,-0.829,-0.129,0.659,-0.978,0.815,0.674,-1.272,-0.669
62,12.0,23.0,27.0,11.0,12.0,26.0,-1.377,0.958,-0.995,0.106,-1.982,1.651,1.652,-1.876,1.828,-1.428,-0.825,0.376,1.728,1.384,-2.007,0.068,0.185,-0.033,1.032,-1.379,1.093,-1.875,-1.47,-1.52,-0.77,0.693,-0.099,1.23,-0.848,0.975
63,12.0,22.0,10.0,19.0,3.0,8.0,-1.404,0.981,-0.985,0.159,-1.922,1.635,1.558,-1.879,1.809,-1.467,-0.901,0.47,1.81,1.369,-2.011,0.059,0.237,-0.059,1.065,-1.351,1.073,-1.906,-1.419,-1.582,-0.722,0.641,-0.086,1.298,-0.858,0.891
64,2.0,24.0,3.0,20.0,1.0,0.0,-0.274,-1.943,0.163,-0.221,-0.337,-0.684,-1.165,0.47,-0.838,-0.972,0.47,0.154,-1.503,0.007,-1.292,1.125,1.449,-0.059,1.411,-1.676,0.031,-1.728,-0.324,-1.587,-1.449,0.387,-1.119,-1.554,-1.087,-0.586
65,3.0,24.0,12.0,6.0,16.0,8.0,0.18,0.843,-0.798,0.024,1.614,1.554,-1.546,-1.184,-1.815,-0.225,-1.883,-0.149,0.627,-0.867,0.687,0.36,-1.857,0.272,-0.957,-0.318,-0.854,0.76,-0.209,-1.351,0.133,1.115,-0.82,-1.107,-0.479,1.755
66,5.0,19.0,8.0,25.0,21.0,1.0,-1.162,1.516,-1.137,1.696,-0.02,0.422,1.11,0.037,-0.859,-1.202,-1.695,0.927,-0.251,-1.411,1.507,-0.854,-0.374,-0.769,0.489,0.285,0.353,-0.979,-0.898,-1.024,-0.735,-1.387,-1.348,1.842,1.882,-1.273
67,1.0,19.0,22.0,1.0,29.0,12.0,-0.3,0.929,-2.019,-0.773,-1.417,-1.583,-1.294,-0.624,-0.425,0.11,-0.286,0.782,-1.22,1.494,-1.876,0.687,-0.344,0.275,-1.406,-1.252,1.181,1.89,-0.728,0.807,1.484,1.569,-1.646,-1.89,-1.319,1.525
68,2.0,19.0,24.0,28.0,4.0,22.0,-0.228,-1.931,0.164,-0.235,-0.345,-0.649,-1.142,0.447,-0.767,-0.909,0.461,0.153,-1.489,0.045,-1.292,1.186,1.404,0.016,1.434,-1.675,-0.028,-1.693,-0.274,-1.627,-1.492,0.378,-1.11,-1.597,-1.154,-0.551
69,1.0,1.0,6.0,2.0,24.0,21.0,-0.371,0.855,-2.001,-0.826,-1.387,-1.594,-1.232,-0.631,-0.451,0.166,-0.284,0.707,-1.154,1.508,-1.914,0.676,-0.291,0.274,-1.47,-1.233,1.218,1.85,-0.791,0.735,1.542,1.622,-1.694,-1.863,-1.332,1.538
70,15.0,0.0,22.0,7.0,29.0,21.0,1.36,-1.324,-1.829,-0.544,-0.895,0.071,-0.782,-0.764,-1.599,-0.959,1.626,-0.9,0.853,1.471,1.27,-1.187,-1.308,-1.842,-1.815,-1.229,2.001,-0.46,0.999,-0.093,-0.003,1.801,-1.568,-0.188,-1.406,0.172
71,6.0,27.0,15.0,26.0,21.0,15.0,1.574,-0.688,1.325,-1.849,-1.519,0.337,0.124,-0.283,-0.626,0.502,-0.218,0.979,0.083,0.334,0.593,1.968,1.317,-0.321,1.48,1.337,-1.822,0.876,1.173,0.968,0.817,0.131,-1.471,1.872,-0.338,-1.177
72,7.0,21.0,21.0,18.0,4.0,9.0,-1.738,1.079,-0.256,0.916,1.864,0.105,-0.002,-1.678,-0.886,-0.034,0.701,1.184,-0.453,-1.747,-0.813,1.627,-1.132,-0.229,1.711,-1.916,0.367,1.768,-1.055,0.188,1.614,-1.442,0.044,0.982,0.697,-0.098
73,11.0,20.0,5.0,18.0,21.0,26.0,-1.27,-1.951,-0.194,0.907,-0.274,-0.059,-1.985,-0.08,1.798,1.375,0.964,-1.52,1.582,1.449,-1.342,0.496,-1.894,-1.531,-0.692,-1.391,1.029,1.282,-0.633,-0.732,-1.598,-1.626,0.82,0.358,-1.733,-0.1
74,8.0,29.0,30.0,8.0,9.0,3.0,1.481,1.833,1.469,0.165,-1.071,-1.913,-0.246,-0.347,0.083,-0.104,0.215,0.17,1.079,0.85,0.481,-0.326,-0.852,1.863,-0.636,-1.099,-1.731,1.959,-1.452,-0.68,-1.76,-1.091,-0.463,1.583,-0.597,1.956
75,8.0,5.0,3.0,6.0,20.0,16.0,1.451,1.881,1.433,0.158,-1.02,-1.975,-0.247,-0.406,0.052,-0.102,0.23,0.219,1.081,0.843,0.517,-0.317,-0.818,1.883,-0.646,-1.085,-1.779,1.928,-1.521,-0.669,-1.765,-1.113,-0.417,1.589,-0.629,1.951
76,4.0,30.0,18.0,26.0,25.0,23.0,1.897,0.188,1.9,0.825,0.793,-1.119,1.864,-1.943,-0.954,-0.268,1.092,-1.234,1.439,1.892,-1.367,0.433,-1.959,-0.44,-1.835,1.787,-0.271,1.749,1.125,1.463,-1.292,-1.67,0.411,-1.281,0.962,-0.394
77,11.0,10.0,24.0,7.0,26.0,3.0,-1.279,-1.958,-0.126,0.888,-0.315,-0.02,-1.995,-0.011,1.793,1.404,0.968,-1.537,1.572,1.464,-1.309,0.555,-1.909,-1.558,-0.754,-1.344,0.99,1.243,-0.651,-0.688,-1.568,-1.644,0.87,0.351,-1.794,-0.04
78,1.0,15.0,19.0,8.0,2.0,5.0,-0.291,0.877,-2.003,-0.794,-1.46,-1.628,-1.252,-0.623,-0.38,0.194,-0.357,0.741,-1.197,1.537,-1.91,0.731,-0.343,0.22,-1.446,-1.223,1.168,1.838,-0.795,0.818,1.464,1.625,-1.636,-1.813,-1.349,1.502
79,2.0,30.0,26.0,5.0,19.0,18.0,-0.293,-1.943,0.203,-0.303,-0.289,-0.702,-1.18,0.495,-0.834,-0.915,0.463,0.118,-1.51,0.09,-1.263,1.11,1.434,-0.06,1.409,-1.64,0.04,-1.741,-0.331,-1.586,-1.473,0.405,-1.061,-1.569,-1.075,-0.649
80,5.0,24.0,24.0,13.0,7.0,11.0,-1.075,1.487,-1.223,1.698,-0.075,0.465,1.015,0.048,-0.779,-1.201,-1.643,0.968,-0.22,-1.341,1.546,-0.865,-0.315,-0.782,0.491,0.336,0.447,-0.892,-0.898,-0.991,-0.654,-1.383,-1.356,1.876,1.874,-1.264
81,3.0,7.0,6.0,30.0,16.0,14.0,0.162,0.785,-0.873,0.005,1.595,1.569,-1.506,-1.135,-1.763,-0.26,-1.899,-0.161,0.582,-0.882,0.69,0.359,-1.916,0.194,-1.007,-0.351,-0.88,0.78,-0.196,-1.328,0.16,1.111,-0.763,-1.141,-0.468,1.758
82,12.0,27.0,4.0,29.0,30.0,3.0,-1.426,0.935,-0.951,0.103,-1.94,1.635,1.622,-1.871,1.808,-1.43,-0.877,0.457,1.782,1.4,-2.026,0.103,0.228,-0.047,1.029,-1.33,1.035,-1.896,-1.493,-1.57,-0.78,0.701,-0.071,1.268,-0.823,0.967
83,4.0,5.0,9.0,16.0,19.0,4.0,1.901,0.18,1.867,0.846,0.744,-1.171,1.873,-1.953,-0.969,-0.258,1.075,-1.25,1.446,1.898,-1.325,0.341,-1.994,-0.503,-1.801,1.799,-0.241,1.796,1.184,1.45,-1.337,-1.745,0.354,-1.283,0.886,-0.35
84,10.0,27.0,23.0,28.0,13.0,6.0,1.079,-1.922,0.486,0.993,0.037,-1.141,-1.161,0.998,-1.298,-1.686,0.727,1.778,-1.963,0.032,1.268,0.447,0.927,-0.869,1.654,0.837,0.208,-1.438,-0.531,0.701,-0.202,-0.263,0.491,0.074,0.556,0.425
85,7.0,8.0,22.0,30.0,2.0,11.0,-1.721,1.162,-0.21,0.874,1.908,0.113,-0.019,-1.72,-0.925,-0.01,0.688,1.216,-0.505,-1.708,-0.824,1.639,-1.182,-0.239,1.77,-1.941,0.384,1.755,-1.115,0.152,1.619,-1.516,0.1,1.04,0.651,-0.16
86,9.0,13.0,0.0,6.0,17.0,9.0,-2.006,0.057,0.003,-1.508,-1.465,-1.143,-0.307,-1.006,-1.705,-0.639,-1.303,1.533,1.782,-1.88,0.782,0.257,1.59,0.663,0.159,0.818,-0.445,0.759,1.336,-0.133,1.789,1.215,1.927,-1.296,0.116,1.78
87,13.0,26.0,6.0,20.0,24.0,11.0,1.123,-1.024,1.337,1.861,1.843,-0.167,0.485,1.059,0.57,0.916,-1.849,-0.813,-1.779,1.476,-0.547,0.725,-0.943,-0.633,-1.928,-0.532,1.821,-1.165,-0.693,1.632,-1.885,-1.727,0.494,1.47,-1.992,0.973
88,14.0,6.0,4.0,24.0,8.0,23.0,0.061,1.082,1.469,-1.937,-0.723,1.795,0.08,-0.69,0.173,-1.085,1.239,-0.607,0.131,-1.968,0.71,-1.207,1.776,-0.512,0.971,1.009,1.478,-1.541,-0.782,-0.057,0.687,-0.963,0.812,0.645,-1.252,-0.685
89,12.0,4.0,8.0,20.0,7.0,10.0,-1.414,0.992,-0.966,0.16,-1.96,1.682,1.606,-1.823,1.859,-1.462,-0.913,0.382,1.755,1.392,-2.005,0.079,0.16,-0.084,1.067,-1.355,1.056,-1.956,-1.476,-1.532,-0.731,0.698,-0.095,1.301,-0.794,0.971
90,7.0,19.0,29.0,24.0,2.0,15.0,-1.703,1.101,-0.253,0.859,1.901,0.116,0.023,-1.754,-0.915,-0.009,0.761,1.259,-0.462,-1.758,-0.88,1.669,-1.107,-0.175,1.696,-1.935,0.433,1.817,-1.121,0.228,1.591,-1.427,0.126,1.034,0.711,-0.101
91,3.0,21.0,26.0,30.0,27.0,20.0,0.216,0.837,-0.876,0.087,1.599,1.595,-1.525,-1.204,-1.786,-0.225,-1.915,-0.167,0.634,-0.853,0.685,0.359,-1.876,0.231,-0.972,-0.338,-0.843,0.789,-0.195,-1.398,0.13,1.163,-0.78,-1.156,-0.455,1.699
92,5.0,15.0,17.0,16.0,29.0,17.0,-1.117,1.527,-1.128,1.71,-0.066,0.462,1.081,0.051,-0.788,-1.262,-1.679,0.923,-0.203,-1.352,1.492,-0.949,-0.313,-0.791,0.505,0.297,0.36,-0.925,-0.86,-0.98,-0.682,-1.398,-1.323,1.9,1.841,-1.275
93,4.0,2.0,17.0,5.0,1.0,1.0,1.834,0.217,1.883,0.816,0.789,-1.116,1.88,-1.958,-0.966,-0.303,1.105,-1.185,1.477,1.968,-1.342,0.356,-1.979,-0.437,-1.828,1.796,-0.268,1.756,1.19,1.484,-1.274,-1.748,0.391,-1.37,0.98,-0.376
94,1.0,16.0,0.0,24.0,13.0,8.0,-0.314,0.886,-2.031,-0.809,-1.441,-1.61,-1.285,-0.591,-0.387,0.162,-0.318,0.787,-1.155,1.47,-1.848,0.689,-0.35,0.276,-1.462,-1.179,1.202,1.828,-0.723,0.724,1.456,1.554,-1.675,-1.865,-1.288,1.525
95,6.0,6.0,9.0,22.0,7.0,10.0,1.603,-0.659,1.266,-1.794,-1.578,0.429,0.136,-0.276,-0.621,0.509,-0.201,0.895,0.051,0.336,0.618,1.936,1.251,-0.321,1.509,1.31,-1.772,0.916,1.172,0.92,0.799,0.114,-1.461,1.83,-0.421,-1.11
96,2.0,6.0,19.0,2.0,10.0,21.0,-0.301,-1.887,0.182,-0.217,-0.34,-0.708,-1.137,0.513,-0.825,-0.956,0.477,0.082,-1.454,0.068,-1.212,1.121,1.464,-0.057,1.366,-1.662,0.061,-1.695,-0.317,-1.619,-1.477,0.406,-1.123,-1.597,-1.079,-0.566
97,15.0,10.0,28.0,23.0,23.0,2.0,1.376,-1.28,-1.774,-0.584,-0.932,0.095,-0.754,-0.754,-1.505,-1.045,1.706,-0.917,0.878,1.468,1.253,-1.176,-1.371,-1.846,-1.794,-1.233,1.96,-0.466,1.046,-0.101,0.049,1.801,-1.609,-0.093,-1.481,0.135
98,14.0,15.0,27.0,28.0,6.0,21.0,0.073,1.078,1.524,-1.939,-0.793,1.793,0.027,-0.749,0.156,-1.154,1.238,-0.659,0.16,-1.987,0.675,-1.121,1.775,-0.504,1.028,1.083,1.484,-1.552,-0.837,-0.099,0.671,-0.927,0.802,0.665,-1.292,-0.735
99,9.0,25.0,8.0,22.0,24.0,28.0,-1.949,-0.004,-0.038,-1.423,-1.441,-1.133,-0.317,-1.01,-1.714,-0.641,-1.33,1.493,1.838,-1.805,0.81,0.246,1.628,0.703,0.222,0.834,-0.431,0.795,1.329,-0.175,1.778,1.198,1.935,-1.338,0.05,1.769
100,10.0,4.0,24.0,29.0,11.0,12.0,1.046,-1.922,0.495,1.013,0.025,-1.147,-1.195,1.001,-1.338,-1.637,0.76,1.853,-1.945,0.052,1.202,0.413,0.869,-0.788,1.643,0.828,0.132,-1.43,-0.538,0.732,-0.267,-0.302,0.509,0.061,0.562,0.386
101,12.0,26.0,5.0,0.0,15.0,21.0,-1.336,1.008,-0.973,0.159,-1.931,1.687,1.604,-1.819,1.798,-1.426,-0.86,0.418,1.789,1.382,-1.95,0.036,0.253,-0.055,1.033,-1.343,1.023,-1.903,-1.41,-1.486,-0.721,0.727,-0.092,1.236,-0.815,0.971
102,12.0,18.0,21.0,14.0,29.0,30.0,-1.417,0.959,-0.903,0.157,-1.933,1.686,1.554,-1.836,1.85,-1.479,-0.872,0.413,1.757,1.388,-1.969,0.077,0.256,-0.013,1.03,-1.314,1.108,-1.906,-1.417,-1.552,-0.753,0.665,-0.093,1.26,-0.886,0.966
103,9.0,26.0,20.0,18.0,12.0,28.0,-1.95,0.014,-0.008,-1.436,-1.44,-1.145,-0.282,-0.976,-1.615,-0.633,-1.372,1.503,1.817,-1.854,0.753,0.266,1.562,0.672,0.152,0.829,-0.459,0.767,1.337,-0.172,1.716,1.214,1.97,-1.355,0.051,1.754
104,1.0,18.0,26.0,8.0,10.0,29.0,-0.367,0.916,-1.955,-0.79,-1.435,-1.634,-1.301,-0.633,-0.385,0.135,-0.277,0.728,-1.172,1.498,-1.868,0.725,-0.303,0.281,-1.48,-1.192,1.247,1.84,-0.786,0.76,1.51,1.552,-1.647,-1.858,-1.302,1.492
105,0.0,24.0,28.0,9.0,9.0,24.0,0.147,0.878,0.413,0.138,-0.303,0.56,-0.299,1.592,1.87,-0.47,1.134,0.118,0.295,1.659,-1.684,-1.651,-1.935,1.326,1.126,1.439,1.911,1.204,-0.171,1.138,-1.574,0.6,-1.439,1.772,0.085,-0.386
106,1.0,24.0,21.0,27.0,7.0,28.0,-0.287,0.861,-2.008,-0.813,-1.388,-1.622,-1.239,-0.584,-0.403,0.151,-0.344,0.753,-1.148,1.517,-1.844,0.72,-0.289,0.206,-1.45,-1.211,1.24,1.877,-0.779,0.79,1.464,1.606,-1.709,-1.82,-1.329,1.523
107,3.0,1.0,29.0,4.0,19.0,7.0,0.188,0.797,-0.837,0.055,1.536,1.585,-1.493,-1.22,-1.812,-0.223,-1.881,-0.214,0.645,-0.917,0.702,0.327,-1.929,0.276,-0.929,-0.29,-0.892,0.761,-0.261,-1.398,0.181,1.112,-0.789,-1.151,-0.412,1.76
108,15.0,30.0,26.0,18.0,12.0,21.0,1.438,-1.26,-1.737,-0.511,-0.866,0.109,-0.744,-0.741,-1.534,-1.048,1.679,-0.961,0.917,1.416,1.249,-1.177,-1.304,-1.783,-1.832,-1.163,2.015,-0.47,1.045,-0.107,0.079,1.815,-1.59,-0.154,-1.464,0.128
109,0.0,0.0,7.0,5.0,15.0,24.0,0.209,0.905,0.445,0.22,-0.264,0.537,-0.23,1.592,1.849,-0.491,1.208,0.128,0.244,1.748,-1.74,-1.638,-1.873,1.303,1.114,1.453,1.962,1.243,-0.16,1.134,-1.504,0.598,-1.473,1.802,0.128,-0.323
110,5.0,21.0,19.0,19.0,24.0,9.0,-1.124,1.47,-1.131,1.702,-0.012,0.437,1.016,0.085,-0.847,-1.218,-1.643,0.952,-0.249,-1.359,1.533,-0.915,-0.381,-0.768,0.511,0.345,0.39,-0.902,-0.824,-0.992,-0.654,-1.41,-1.367,1.89,1.879,-1.296
111,15.0,19.0,6.0,24.0,21.0,1.0,1.352,-1.276,-1.763,-0.578,-0.901,0.119,-0.746,-0.782,-1.518,-1.012,1.698,-0.906,0.858,1.465,1.271,-1.158,-1.334,-1.825,-1.835,-1.208,2.032,-0.528,1.051,-0.086,0.034,1.824,-1.559,-0.133,-1.476,0.106
112,7.0,29.0,27.0,10.0,1.0,16.0,-1.645,1.136,-0.206,0.927,1.877,0.201,0.037,-1.697,-0.879,0.03,0.675,1.199,-0.522,-1.783,-0.889,1.677,-1.107,-0.154,1.755,-1.933,0.427,1.824,-1.073,0.231,1.587,-1.51,0.086,0.957,0.674,-0.118
113,11.0,4.0,11.0,25.0,14.0,20.0,-1.256,-1.971,-0.181,0.895,-0.275,-0.018,-1.924,-0.031,1.76,1.448,0.878,-1.535,1.538,1.437,-1.339,0.543,-1.964,-1.509,-0.71,-1.385,1.027,1.238,-0.591,-0.755,-1.506,-1.699,0.847,0.419,-1.791,-0.067
114,4.0,1.0,15.0,24.0,13.0,25.0,1.856,0.16,1.919,0.831,0.758,-1.113,1.902,-1.992,-0.939,-0.309,1.142,-1.201,1.444,1.942,-1.306,0.377,-1.961,-0.455,-1.839,1.779,-0.237,1.808,1.174,1.422,-1.335,-1.732,0.388,-1.334,0.947,-0.413
115,12.0,9.0,29.0,27.0,1.0,24.0,-1.421,0.941,-0.942,0.156,-1.965,1.638,1.632,-1.834,1.867,-1.459,-0.864,0.448,1.749,1.386,-2.035,0.08,0.171,-0.014,1.063,-1.309,1.058,-1.91,-1.474,-1.538,-0.734,0.707,-0.118,1.247,-0.84,0.963
116,1.0,1.0,13.0,28.0,24.0,27.0,-0.319,0.88,-2.027,-0.84,-1.42,-1.639,-1.292,-0.639,-0.4,0.197,-0.321,0.698,-1.191,1.486,-1.918,0.643,-0.287,0.247,-1.391,-1.227,1.182,1.861,-0.794,0.732,1.516,1.591,-1.678,-1.891,-1.271,1.561
117,7.0,15.0,10.0,11.0,19.0,30.0,-1.66,1.162,-0.198,0.88,1.961,0.15,0.044,-1.743,-0.901,-0.004,0.743,1.182,-0.507,-1.766,-0.822,1.652,-1.187,-0.232,1.709,-1.937,0.374,1.764,-1.087,0.229,1.622,-1.515,0.081,0.952,0.712,-0.131
118,1.0,24.0,3.0,19.0,21.0,20.0,-0.293,0.843,-1.964,-0.775,-1.38,-1.652,-1.279,-0.59,-0.436,0.168,-0.273,0.748,-1.222,1.504,-1.931,0.715,-0.377,0.203,-1.482,-1.19,1.196,1.904,-0.736,0.813,1.465,1.619,-1.642,-1.892,-1.296,1.547
119,9.0,0.0,29.0,14.0,2.0,24.0,-1.994,-0.042,0.006,-1.465,-1.413,-1.173,-0.298,-0.973,-1.635,-0.583,-1.383,1.561,1.807,-1.86,0.766,0.253,1.616,0.713,0.171,0.786,-0.488,0.819,1.309,-0.154,1.762,1.232,1.981,-1.341,0.086,1.826
120,6.0,10.0,25.0,0.0,16.0,17.0,1.564,-0.63,1.269,-1.802,-1.55,0.405,0.079,-0.313,-0.702,0.527,-0.288,0.925,0.052,0.296,0.558,1.922,1.313,-0.359,1.554,1.305,-1.79,0.919,1.21,0.95,0.878,0.125,-1.504,1.805,-0.369,-1.1
121,9.0,25.0,30.0,4.0,6.0,6.0,-1.987,0.016,-0.021,-1.437,-1.475,-1.171,-0.312,-1.029,-1.63,-0.643,-1.37,1.551,1.786,-1.893,0.786,0.276,1.578,0.65,0.193,0.787,-0.406,0.796,1.31,-0.14,1.741,1.171,1.938,-1.357,0.094,1.811
122,6.0,29.0,9.0,25.0,2.0,25.0,1.592,-0.665,1.331,-1.812,-1.566,0.422,0.112,-0.335,-0.683,0.464,-0.276,0.991,0.095,0.364,0.574,2.008,1.319,-0.363,1.476,1.257,-1.8,0.852,1.208,0.985,0.791,0.177,-1.454,1.818,-0.388,-1.153
123,2.0,16.0,20.0,22.0,14.0,29.0,-0.23,-1.894,0.194,-0.226,-0.364,-0.692,-1.146,0.472,-0.805,-0.957,0.441,0.157,-1.422,0.09,-1.225,1.103,1.444,0.011,1.339,-1.704,0.045,-1.773,-0.278,-1.644,-1.526,0.43,-1.136,-1.55,-1.075,-0.625
124,6.0,29.0,28.0,26.0,15.0,11.0,1.603,-0.664,1.262,-1.811,-1.537,0.357,0.135,-0.284,-0.678,0.516,-0.25,0.927,0.102,0.355,0.535,2.004,1.233,-0.353,1.532,1.317,-1.756,0.856,1.252,0.922,0.834,0.156,-1.486,1.79,-0.375,-1.114
125,3.0,26.0,24.0,22.0,5.0,7.0,0.155,0.805,-0.882,0.054,1.571,1.571,-1.547,-1.207,-1.77,-0.252,-1.874,-0.22,0.612,-0.865,0.753,0.366,-1.903,0.229,-0.924,-0.343,-0.84,0.777,-0.273,-1.367,0.176,1.108,-0.747,-1.13,-0.478,1.702
126,4.0,5.0,15.0,30.0,10.0,27.0,1.893,0.219,1.908,0.809,0.803,-1.137,1.88,-1.988,-0.963,-0.28,1.129,-1.166,1.468,1.962,-1.351,0.385,-1.964,-0.415,-1.774,1.866,-0.263,1.794,1.147,1.48,-1.298,-1.709,0.453,-1.323,0.983,-0.334
127,13.0,3.0,17.0,7.0,5.0,9.0,1.127,-1.026,1.316,1.885,1.851,-0.191,0.483,1.053,0.576,0.924,-1.898,-0.844,-1.717,1.391,-0.552,0.749,-0.94,-0.638,-1.951,-0.564,1.827,-1.136,-0.686,1.712,-1.853,-1.717,0.505,1.544,-1.923,1.006
128,0.0,14.0,3.0,27.0,14.0,2.0,0.18,0.875,0.376,0.143,-0.312,0.621,-0.28,1.59,1.904,-0.47,1.121,0.149,0.253,1.69,-1.723,-1.654,-1.969,1.282,1.072,1.476,1.887,1.192,-0.188,1.119,-1.494,0.601,-1.453,1.791,0.135,-0.325
129,11.0,4.0,12.0,10.0,27.0,23.0,-1.23,-1.94,-0.172,0.929,-0.362,-0.069,-1.982,-0.054,1.797,1.423,0.969,-1.603,1.59,1.382,-1.355,0.532,-1.897,-1.523,-0.694,-1.322,1.065,1.31,-0.64,-0.722,-1.505,-1.649,0.893,0.437,-1.775,-0.049
130,12.0,5.0,13.0,11.0,1.0,3.0,-1.364,0.935,-0.923,0.173,-1.971,1.655,1.646,-1.886,1.781,-1.422,-0.87,0.429,1.74,1.421,-1.979,0.081,0.218,-0.107,1.117,-1.312,1.057,-1.962,-1.414,-1.508,-0.753,0.71,-0.096,1.28,-0.82,0.942
131,3.0,18.0,18.0,19.0,30.0,26.0,0.196,0.802,-0.806,0.025,1.528,1.542,-1.488,-1.171,-1.803,-0.245,-1.917,-0.148,0.599,-0.894,0.709,0.398,-1.928,0.213,-0.99,-0.34,-0.84,0.821,-0.204,-1.361,0.186,1.158,-0.735,-1.063,-0.449,1.775
132,9.0,8.0,21.0,15.0,23.0,1.0,-1.947,0.022,-0.046,-1.43,-1.474,-1.129,-0.322,-1.032,-1.696,-0.652,-1.361,1.557,1.78,-1.872,0.789,0.305,1.596,0.679,0.239,0.798,-0.466,0.828,1.334,-0.136,1.81,1.252,1.913,-1.369,0.104,1.827
133,6.0,28.0,3.0,11.0,23.0,4.0,1.541,-0.641,1.268,-1.879,-1.525,0.382,0.136,-0.295,-0.666,0.446,-0.262,0.955,0.087,0.316,0.594,2.002,1.251,-0.375,1.54,1.288,-1.81,0.825,1.18,0.962,0.79,0.188,-1.545,1.819,-0.402,-1.118
134,15.0,23.0,22.0,15.0,25.0,30.0,1.347,-1.315,-1.831,-0.59,-0.939,0.118,-0.733,-0.748,-1.589,-0.952,1.674,-0.977,0.854,1.437,1.184,-1.109,-1.298,-1.777,-1.865,-1.247,1.956,-0.503,1.049,-0.137,0.028,1.732,-1.545,-0.115,-1.456,0.169
135,3.0,4.0,4.0,4.0,6.0,4.0,0.215,0.813,-0.851,0.093,1.613,1.556,-1.478,-1.167,-1.806,-0.207,-1.894,-0.22,0.61,-0.854,0.689,0.411,-1.931,0.268,-0.987,-0.319,-0.836,0.806,-0.215,-1.392,0.175,1.08,-0.796,-1.112,-0.433,1.761
136,3.0,18.0,29.0,1.0,19.0,20.0,0.207,0.798,-0.867,0.034,1.59,1.552,-1.51,-1.197,-1.808,-0.23,-1.846,-0.159,0.581,-0.893,0.676,0.382,-1.877,0.232,-1.007,-0.301,-0.907,0.732,-0.236,-1.379,0.18,1.143,-0.778,-1.067,-0.443,1.717
137,13.0,8.0,3.0,14.0,8.0,11.0,1.098,-1.092,1.337,1.824,1.877,-0.216,0.414,1.094,0.592,0.901,-1.85,-0.764,-1.745,1.432,-0.462,0.763,-0.926,-0.631,-1.968,-0.575,1.767,-1.154,-0.683,1.635,-1.89,-1.782,0.562,1.515,-1.982,0.938
138,3.0,12.0,26.0,3.0,12.0,10.0,0.204,0.849,-0.809,0.008,1.584,1.593,-1.519,-1.166,-1.792,-0.239,-1.884,-0.131,0.616,-0.859,0.745,0.346,-1.951,0.205,-1.007,-0.319,-0.867,0.811,-0.221,-1.327,0.214,1.101,-0.811,-1.065,-0.44,1.703
139,1.0,15.0,12.0,21.0,30.0,6.0,-0.332,0.91,-2.029,-0.742,-1.436,-1.597,-1.246,-0.605,-0.427,0.115,-0.351,0.696,-1.228,1.493,-1.841,0.721,-0.309,0.189,-1.439,-1.163,1.171,1.886,-0.757,0.755,1.505,1.53,-1.622,-1.844,-1.348,1.465
140,8.0,5.0,9.0,2.0,16.0,20.0,1.471,1.844,1.519,0.167,-1.069,-1.976,-0.308,-0.435,0.087,-0.087,0.228,0.184,1.089,0.822,0.466,-0.296,-0.865,1.905,-0.679,-1.128,-1.75,1.952,-1.459,-0.71,-1.713,-1.129,-0.427,1.543,-0.615,1.933
141,0.0,30.0,12.0,11.0,21.0,3.0,0.223,0.895,0.449,0.204,-0.293,0.61,-0.281,1.57,1.9,-0.446,1.149,0.096,0.241,1.696,-1.763,-1.681,-1.955,1.349,1.114,1.431,1.918,1.232,-0.175,1.091,-1.555,0.594,-1.429,1.733,0.133,-0.313
142,0.0,5.0,9.0,27.0,17.0,6.0,0.171,0.864,0.381,0.168,-0.343,0.585,-0.204,1.588,1.905,-0.473,1.2,0.102,0.301,1.735,-1.667,-1.607,-1.92,1.291,1.157,1.434,1.865,1.184,-0.127,1.085,-1.5,0.535,-1.453,1.787,0.108,-0.375
143,7.0,19.0,27.0,21.0,8.0,20.0,-1.671,1.121,-0.265,0.922,1.956,0.19,0.005,-1.739,-0.937,-0.028,0.727,1.192,-0.441,-1.759,-0.855,1.638,-1.151,-0.16,1.736,-1.873,0.443,1.776,-1.085,0.217,1.664,-1.461,0.081,1.05,0.678,-0.102
144,6.0,2.0,19.0,12.0,24.0,4.0,1.524,-0.651,1.242,-1.844,-1.597,0.419,0.143,-0.324,-0.705,0.508,-0.237,0.969,0.117,0.276,0.621,1.996,1.326,-0.38,1.527,1.284,-1.796,0.844,1.208,0.988,0.802,0.141,-1.517,1.874,-0.347,-1.158
145,2.0,24.0,29.0,20.0,2.0,7.0,-0.267,-1.895,0.17,-0.301,-0.298,-0.637,-1.172,0.474,-0.843,-0.966,0.455,0.127,-1.445,0.02,-1.224,1.106,1.382,0.017,1.401,-1.681,0.06,-1.739,-0.257,-1.583,-1.49,0.357,-1.101,-1.586,-1.117,-0.615
146,0.0,4.0,16.0,12.0,3.0,29.0,0.195,0.851,0.395,0.202,-0.306,0.565,-0.207,1.574,1.842,-0.426,1.191,0.075,0.321,1.664,-1.705,-1.691,-1.901,1.377,1.117,1.475,1.921,1.222,-0.147,1.119,-1.562,0.588,-1.401,1.776,0.079,-0.368
147,6.0,0.0,25.0,10.0,4.0,7.0,1.565,-0.718,1.258,-1.866,-1.583,0.334,0.155,-0.343,-0.638,0.513,-0.25,0.957,0.074,0.271,0.57,1.935,1.281,-0.304,1.494,1.331,-1.74,0.923,1.207,0.911,0.832,0.172,-1.472,1.791,-0.355,-1.152
148,10.0,0.0,4.0,11.0,1.0,16.0,1.076,-1.904,0.517,1.007,-0.006,-1.091,-1.246,1.051,-1.3,-1.597,0.777,1.835,-1.98,0.018,1.286,0.421,0.886,-0.829,1.682,0.877,0.137,-1.399,-0.535,0.734,-0.224,-0.256,0.47,0.034,0.557,0.426
149,10.0,14.0,21.0,24.0,4.0,8.0,1.036,-1.91,0.576,1.03,-0.036,-1.085,-1.224,1.017,-1.316,-1.692,0.72,1.832,-2.034,0.0,1.273,0.409,0.885,-0.784,1.657,0.892,0.176,-1.394,-0.546,0.66,-0.254,-0.236,0.519,0.053,0.569,0.399
150,9.0,3.0,16.0,24.0,3.0,13.0,-1.973,0.022,-0.052,-1.452,-1.47,-1.111,-0.288,-0.965,-1.711,-0.628,-1.343,1.531,1.78,-1.849,0.757,0.313,1.543,0.694,0.181,0.852,-0.448,0.739,1.301,-0.105,1.738,1.264,1.942,-1.324,0.132,1.752
151,6.0,13.0,20.0,1.0,26.0,28.0,1.611,-0.626,1.325,-1.868,-1.566,0.428,0.148,-0.346,-0.673,0.53,-0.237,0.979,0.102,0.332,0.541,1.966,1.253,-0.333,1.521,1.249,-1.775,0.831,1.172,0.992,0.827,0.164,-1.456,1.831,-0.391,-1.083
152,0.0,23.0,6.0,23.0,15.0,17.0,0.16,0.906,0.459,0.184,-0.265,0.585,-0.286,1.536,1.864,-0.473,1.165,0.099,0.302,1.719,-1.7,-1.613,-1.949,1.333,1.103,1.474,1.96,1.205,-0.128,1.1,-1.487,0.573,-1.439,1.818,0.1,-0.324
153,5.0,19.0,2.0,20.0,1.0,8.0,-1.161,1.517,-1.18,1.635,-0.048,0.48,1.014,0.058,-0.772,-1.226,-1.659,0.918,-0.216,-1.372,1.561,-0.942,-0.304,-0.779,0.526,0.292,0.431,-0.94,-0.865,-0.954,-0.7,-1.443,-1.379,1.885,1.845,-1.283
154,3.0,18.0,30.0,23.0,13.0,27.0,0.249,0.87,-0.841,0.001,1.597,1.575,-1.512,-1.153,-1.816,-0.226,-1.893,-0.131,0.568,-0.877,0.727,0.405,-1.879,0.225,-0.967,-0.325,-0.909,0.81,-0.265,-1.388,0.182,1.139,-0.824,-1.071,-0.449,1.785
155,12.0,30.0,27.0,14.0,25.0,25.0,-1.426,0.955,-0.913,0.156,-1.907,1.714,1.651,-1.827,1.793,-1.497,-0.853,0.425,1.766,1.428,-2.03,0.109,0.234,-0.043,1.093,-1.331,1.02,-1.946,-1.409,-1.559,-0.792,0.662,-0.158,1.311,-0.859,0.974
156,11.0,8.0,30.0,16.0,16.0,16.0,-1.298,-1.922,-0.133,0.944,-0.353,-0.09,-1.947,-0.1,1.748,1.437,0.889,-1.536,1.595,1.389,-1.386,0.496,-1.926,-1.509,-0.75,-1.395,1.04,1.317,-0.619,-0.765,-1.56,-1.707,0.888,0.441,-1.767,-0.107
157,8.0,7.0,4.0,18.0,28.0,5.0,1.467,1.83,1.511,0.116,-1.053,-1.935,-0.27,-0.404,0.123,-0.059,0.256,0.171,1.007,0.879,0.512,-0.297,-0.838,1.935,-0.649,-1.104,-1.696,1.979,-1.451,-0.712,-1.752,-1.146,-0.391,1.6,-0.586,1.914
158,12.0,2.0,28.0,21.0,3.0,29.0,-1.347,0.924,-0.972,0.143,-1.97,1.657,1.606,-1.817,1.821,-1.484,-0.863,0.44,1.753,1.396,-2.037,0.047,0.18,-0.095,1.075,-1.346,1.068,-1.967,-1.417,-1.547,-0.757,0.682,-0.065,1.286,-0.818,0.893
159,0.0,6.0,25.0,12.0,29.0,19.0,0.207,0.878,0.388,0.194,-0.328,0.563,-0.214,1.563,1.877,-0.451,1.141,0.083,0.261,1.743,-1.724,-1.684,-1.897,1.375,1.114,1.516,1.908,1.199,-0.159,1.116,-1.535,0.605,-1.464,1.808,0.042,-0.357
160,3.0,0.0,28.0,6.0,14.0,10.0,0.193,0.839,-0.818,0.056,1.537,1.603,-1.473,-1.154,-1.779,-0.283,-1.891,-0.221,0.624,-0.891,0.684,0.387,-1.921,0.274,-0.956,-0.366,-0.851,0.784,-0.237,-1.34,0.2,1.086,-0.811,-1.154,-0.461,1.725
161,3.0,30.0,30.0,20.0,1.0,7.0,0.217,0.794,-0.822,0.089,1.587,1.577,-1.514,-1.211,-1.745,-0.27,-1.912,-0.215,0.565,-0.933,0.737,0.348,-1.878,0.229,-0.978,-0.365,-0.877,0.734,-0.275,-1.355,0.16,1.105,-0.732,-1.136,-0.432,1.725
162,13.0,10.0,1.0,2.0,10.0,12.0,1.151,-1.064,1.275,1.903,1.865,-0.146,0.428,1.121,0.589,0.894,-1.839,-0.786,-1.813,1.386,-0.501,0.733,-0.984,-0.636,-1.99,-0.559,1.746,-1.164,-0.714,1.711,-1.904,-1.761,0.508,1.537,-1.952,0.953
163,9.0,1.0,29.0,16.0,30.0,17.0,-1.924,0.049,0.023,-1.496,-1.409,-1.161,-0.276,-1.011,-1.7,-0.593,-1.379,1.491,1.799,-1.861,0.786,0.252,1.59,0.71,0.199,0.8,-0.436,0.812,1.273,-0.181,1.741,1.242,1.92,-1.278,0.056,1.769
164,15.0,11.0,16.0,6.0,23.0,1.0,1.362,-1.244,-1.752,-0.567,-0.864,0.151,-0.803,-0.773,-1.584,-1.041,1.657,-0.896,0.918,1.443,1.268,-1.198,-1.321,-1.838,-1.831,-1.233,1.967,-0.464,1.064,-0.097,0.016,1.741,-1.608,-0.13,-1.416,0.104
165,3.0,13.0,9.0,0.0,27.0,22.0,0.202,0.855,-0.794,0.045,1.59,1.591,-1.547,-1.16,-1.791,-0.269,-1.848,-0.184,0.6,-0.848,0.729,0.323,-1.935,0.197,-0.982,-0.372,-0.886,0.73,-0.241,-1.415,0.181,1.166,-0.81,-1.097,-0.399,1.746
166,6.0,30.0,25.0,3.0,22.0,13.0,1.608,-0.682,1.245,-1.834,-1.561,0.362,0.102,-0.308,-0.694,0.517,-0.287,0.932,0.092,0.323,0.555,2.005,1.283,-0.301,1.546,1.319,-1.831,0.904,1.172,0.935,0.821,0.151,-1.506,1.879,-0.376,-1.092
167,1.0,16.0,7.0,24.0,20.0,17.0,-0.327,0.858,-1.979,-0.833,-1.393,-1.593,-1.249,-0.629,-0.391,0.2,-0.29,0.705,-1.169,1.562,-1.888,0.72,-0.364,0.23,-1.392,-1.241,1.176,1.879,-0.742,0.742,1.489,1.543,-1.64,-1.87,-1.354,1.505
168,10.0,18.0,30.0,2.0,13.0,30.0,1.058,-1.89,0.504,0.971,-0.007,-1.059,-1.237,1.073,-1.34,-1.651,0.736,1.819,-1.95,0.071,1.276,0.499,0.865,-0.816,1.687,0.82,0.122,-1.422,-0.464,0.702,-0.252,-0.271,0.472,0.069,0.637,0.388
169,0.0,2.0,3.0,19.0,19.0,1.0,0.244,0.854,0.413,0.218,-0.257,0.63,-0.286,1.573,1.868,-0.45,1.138,0.071,0.286,1.75,-1.729,-1.608,-1.923,1.305,1.151,1.439,1.924,1.243,-0.18,1.122,-1.555,0.557,-1.424,1.778,0.041,-0.38
170,10.0,15.0,10.0,3.0,20.0,2.0,1.044,-1.952,0.545,0.967,-0.05,-1.134,-1.234,1.062,-1.345,-1.611,0.767,1.765,-1.936,0.014,1.208,0.442,0.889,-0.876,1.681,0.828,0.209,-1.415,-0.493,0.741,-0.241,-0.216,0.457,0.036,0.559,0.442
171,15.0,14.0,21.0,13.0,25.0,26.0,1.444,-1.251,-1.761,-0.523,-0.94,0.121,-0.809,-0.779,-1.507,-1.045,1.709,-0.989,0.844,1.454,1.253,-1.194,-1.306,-1.863,-1.875,-1.213,2.035,-0.467,1.01,-0.095,0.06,1.742,-1.584,-0.174,-1.429,0.134
172,9.0,10.0,12.0,7.0,17.0,8.0,-2.008,0.036,-0.017,-1.5,-1.433,-1.109,-0.337,-1.041,-1.675,-0.641,-1.326,1.467,1.806,-1.823,0.801,0.273,1.6,0.665,0.223,0.785,-0.414,0.797,1.283,-0.102,1.806,1.195,1.896,-1.348,0.132,1.765
173,0.0,28.0,25.0,26.0,27.0,12.0,0.184,0.894,0.396,0.178,-0.324,0.578,-0.247,1.573,1.814,-0.471,1.181,0.12,0.3,1.733,-1.708,-1.613,-1.891,1.317,1.142,1.489,1.873,1.197,-0.184,1.1,-1.503,0.583,-1.452,1.74,0.077,-0.357
174,0.0,24.0,3.0,22.0,30.0,21.0,0.206,0.894,0.38,0.144,-0.327,0.633,-0.236,1.599,1.874,-0.48,1.136,0.068,0.261,1.751,-1.761,-1.642,-1.896,1.284,1.141,1.492,1.865,1.173,-0.13,1.152,-1.564,0.524,-1.388,1.785,0.122,-0.382
175,10.0,10.0,3.0,7.0,7.0,22.0,1.044,-1.931,0.542,1.01,-0.016,-1.141,-1.172,1.056,-1.343,-1.624,0.776,1.817,-1.988,0.008,1.267,0.46,0.921,-0.808,1.707,0.903,0.198,-1.381,-0.494,0.717,-0.204,-0.262,0.479,0.101,0.648,0.36
176,14.0,19.0,30.0,20.0,13.0,13.0,0.086,1.091,1.434,-2.002,-0.769,1.788,0.073,-0.741,0.13,-1.133,1.214,-0.65,0.184,-1.939,0.735,-1.184,1.713,-0.473,1.054,1.095,1.515,-1.558,-0.78,-0.069,0.728,-0.921,0.764,0.652,-1.243,-0.733
177,2.0,27.0,7.0,1.0,8.0,26.0,-0.298,-1.866,0.23,-0.27,-0.293,-0.678,-1.144,0.484,-0.765,-0.981,0.476,0.107,-1.501,0.045,-1.221,1.179,1.37,0.026,1.339,-1.695,0.043,-1.761,-0.275,-1.567,-1.467,0.371,-1.136,-1.612,-1.107,-0.624
178,0.0,26.0,29.0,30.0,6.0,26.0,0.237,0.811,0.404,0.182,-0.334,0.585,-0.206,1.569,1.806,-0.443,1.215,0.082,0.268,1.693,-1.731,-1.645,-1.915,1.368,1.103,1.464,1.903,1.239,-0.189,1.115,-1.521,0.576,-1.476,1.808,0.055,-0.306
179,14.0,18.0,2.0,2.0,28.0,15.0,0.104,1.065,1.483,-1.933,-0.806,1.825,0.019,-0.749,0.12,-1.158,1.226,-0.587,0.172,-1.962,0.682,-1.138,1.745,-0.469,0.991,1.049,1.452,-1.557,-0.8,-0.11,0.736,-1.017,0.789,0.66,-1.297,-0.739
180,10.0,11.0,16.0,6.0,26.0,2.0,1.059,-1.904,0.528,1.037,-0.042,-1.107,-1.216,1.007,-1.296,-1.639,0.736,1.772,-1.972,0.088,1.23,0.403,0.898,-0.803,1.634,0.846,0.154,-1.473,-0.548,0.698,-0.224,-0.294,0.453,0.06,0.582,0.388
181,12.0,22.0,10.0,13.0,7.0,18.0,-1.401,0.957,-0.95,0.116,-1.988,1.707,1.605,-1.853,1.822,-1.475,-0.895,0.409,1.761,1.412,-1.985,0.122,0.225,-0.013,1.091,-1.363,1.051,-1.956,-1.443,-1.535,-0.713,0.691,-0.123,1.233,-0.863,0.917
182,14.0,21.0,13.0,2.0,12.0,26.0,0.036,1.078,1.494,-1.931,-0.807,1.873,0.047,-0.74,0.148,-1.112,1.224,-0.638,0.205,-2.001,0.652,-1.145,1.762,-0.54,1.019,1.057,1.515,-1.603,-0.782,-0.06,0.714,-0.974,0.853,0.578,-1.263,-0.674
183,9.0,25.0,18.0,14.0,19.0,30.0,-1.948,-0.038,-0.021,-1.495,-1.4,-1.102,-0.367,-1.052,-1.694,-0.627,-1.286,1.475,1.773,-1.806,0.786,0.262,1.59,0.66,0.182,0.853,-0.499,0.794,1.279,-0.093,1.762,1.235,1.915,-1.32,0.089,1.787
184,2.0,17.0,20.0,10.0,11.0,4.0,-0.219,-1.914,0.211,-0.265,-0.308,-0.681,-1.175,0.523,-0.827,-0.937,0.53,0.103,-1.471,0.047,-1.264,1.137,1.423,-0.002,1.337,-1.698,-0.013,-1.692,-0.319,-1.58,-1.486,0.398,-1.047,-1.568,-1.115,-0.559
185,9.0,30.0,1.0,28.0,17.0,17.0,-1.925,0.047,-0.035,-1.416,-1.395,-1.08,-0.333,-1.043,-1.694,-0.665,-1.345,1.56,1.812,-1.8,0.825,0.283,1.567,0.692,0.238,0.773,-0.473,0.776,1.317,-0.096,1.713,1.248,1.905,-1.271,0.045,1.767
186,14.0,26.0,11.0,13.0,18.0,27.0,0.016,1.097,1.529,-1.964,-0.769,1.823,0.072,-0.773,0.114,-1.105,1.218,-0.614,0.169,-1.991,0.742,-1.148,1.721,-0.467,1.031,1.077,1.518,-1.556,-0.826,-0.089,0.665,-0.99,0.783,0.603,-1.255,-0.755
187,6.0,24.0,12.0,15.0,2.0,28.0,1.593,-0.632,1.27,-1.812,-1.595,0.346,0.076,-0.278,-0.639,0.534,-0.208,0.944,0.034,0.34,0.542,1.931,1.287,-0.311,1.553,1.251,-1.802,0.836,1.237,0.964,0.867,0.177,-1.513,1.806,-0.375,-1.17
188,11.0,28.0,28.0,12.0,12.0,27.0,-1.277,-1.914,-0.147,0.883,-0.282,-0.068,-1.918,-0.022,1.778,1.41,0.948,-1.544,1.536,1.422,-1.372,0.535,-1.92,-1.483,-0.776,-1.336,1.059,1.281,-0.601,-0.724,-1.584,-1.669,0.813,0.384,-1.76,-0.111
189,14.0,28.0,4.0,11.0,5.0,5.0,0.091,1.134,1.471,-2.001,-0.753,1.822,0.073,-0.75,0.151,-1.154,1.187,-0.626,0.157,-1.959,0.736,-1.157,1.742,-0.463,0.967,1.102,1.527,-1.597,-0.811,-0.136,0.71,-0.932,0.763,0.638,-1.312,-0.74
190,7.0,2.0,19.0,20.0,2.0,2.0,-1.701,1.11,-0.263,0.911,1.929,0.192,0.029,-1.694,-0.95,-0.007,0.764,1.222,-0.431,-1.71,-0.835,1.651,-1.118,-0.235,1.761,-1.922,0.427,1.782,-1.058,0.202,1.674,-1.465,0.116,1.047,0.703,-0.115
191,3.0,11.0,24.0,9.0,17.0,4.0,0.239,0.876,-0.854,0.082,1.526,1.595,-1.526,-1.193,-1.747,-0.268,-1.894,-0.147,0.604,-0.841,0.748,0.413,-1.912,0.206,-0.971,-0.322,-0.848,0.783,-0.203,-1.384,0.182,1.117,-0.754,-1.103,-0.446,1.714
192,7.0,15.0,5.0,25.0,29.0,11.0,-1.678,1.07,-0.259,0.903,1.951,0.159,0.047,-1.672,-0.931,-0.049,0.671,1.209,-0.48,-1.738,-0.813,1.68,-1.177,-0.189,1.727,-1.858,0.39,1.795,-1.052,0.205,1.658,-1.492,0.075,0.993,0.713,-0.131
193,14.0,17.0,1.0,28.0,23.0,25.0,0.092,1.104,1.478,-1.92,-0.771,1.851,0.032,-0.768,0.154,-1.134,1.182,-0.599,0.123,-2.013,0.654,-1.19,1.68,-0.472,1.0,1.018,1.512,-1.557,-0.842,-0.149,0.708,-0.999,0.77,0.594,-1.277,-0.693
194,10.0,24.0,8.0,27.0,29.0,7.0,1.035,-1.925,0.545,0.973,-0.052,-1.118,-1.223,1.068,-1.31,-1.69,0.77,1.797,-1.956,0.074,1.201,0.471,0.918,-0.835,1.648,0.859,0.155,-1.413,-0.466,0.737,-0.183,-0.277,0.434,0.019,0.56,0.446
195,8.0,23.0,12.0,12.0,1.0,8.0,1.541,1.86,1.468,0.135,-1.048,-1.961,-0.238,-0.346,0.133,-0.083,0.232,0.155,1.087,0.888,0.468,-0.274,-0.817,1.887,-0.654,-1.14,-1.774,1.955,-1.508,-0.693,-1.756,-1.131,-0.46,1.54,-0.629,1.913
196,5.0,6.0,19.0,16.0,23.0,2.0,-1.148,1.439,-1.191,1.715,-0.017,0.411,1.022,0.068,-0.858,-1.277,-1.636,0.917,-0.266,-1.389,1.47,-0.908,-0.346,-0.821,0.497,0.323,0.422,-0.96,-0.857,-1.026,-0.738,-1.416,-1.372,1.886,1.817,-1.295
197,1.0,4.0,26.0,22.0,28.0,12.0,-0.317,0.835,-1.989,-0.833,-1.403,-1.667,-1.292,-0.623,-0.435,0.107,-0.363,0.786,-1.171,1.495,-1.935,0.634,-0.287,0.201,-1.452,-1.189,1.179,1.865,-0.76,0.794,1.472,1.577,-1.701,-1.799,-1.339,1.49
198,6.0,21.0,8.0,5.0,24.0,29.0,1.527,-0.691,1.253,-1.853,-1.601,0.331,0.135,-0.321,-0.696,0.485,-0.235,0.948,0.056,0.343,0.54,1.95,1.254,-0.374,1.51,1.314,-1.83,0.896,1.192,0.992,0.788,0.184,-1.539,1.852,-0.417,-1.177
199,9.0,5.0,14.0,0.0,23.0,2.0,-1.966,0.002,-0.043,-1.435,-1.416,-1.14,-0.375,-0.992,-1.635,-0.657,-1.367,1.472,1.85,-1.865,0.833,0.31,1.587,0.656,0.145,0.848,-0.48,0.822,1.289,-0.117,1.766,1.247,1.917,-1.347,0.082,1.775
200,1.0,4.0,15.0,20.0,14.0,7.0,-0.311,0.905,-1.992,-0.801,-1.425,-1.585,-1.262,-0.604,-0.414,0.128,-0.287,0.699,-1.145,1.491,-1.861,0.725,-0.304,0.27,-1.394,-1.243,1.153,1.919,-0.735,0.807,1.549,1.546,-1.631,-1.839,-1.331,1.543
201,9.0,17.0,3.0,29.0,3.0,15.0,-2.006,-0.027,-0.031,-1.419,-1.409,-1.093,-0.371,-0.962,-1.625,-0.612,-1.36,1.518,1.778,-1.831,0.8,0.295,1.571,0.701,0.211,0.775,-0.448,0.755,1.281,-0.142,1.773,1.212,1.971,-1.296,0.051,1.779
202,0.0,9.0,6.0,6.0,9.0,5.0,0.214,0.843,0.384,0.171,-0.277,0.597,-0.216,1.532,1.834,-0.429,1.144,0.087,0.229,1.721,-1.71,-1.657,-1.911,1.285,1.155,1.503,1.949,1.151,-0.142,1.134,-1.493,0.605,-1.454,1.761,0.043,-0.365
203,15.0,15.0,16.0,28.0,1.0,29.0,1.419,-1.28,-1.802,-0.573,-0.877,0.081,-0.751,-0.801,-1.52,-0.987,1.653,-0.935,0.829,1.464,1.181,-1.112,-1.312,-1.806,-1.815,-1.209,1.967,-0.539,1.041,-0.105,0.078,1.825,-1.532,-0.107,-1.459,0.184
204,13.0,0.0,11.0,16.0,4.0,9.0,1.135,-1.054,1.269,1.875,1.904,-0.227,0.409,1.131,0.559,0.901,-1.847,-0.832,-1.76,1.459,-0.496,0.754,-1.024,-0.606,-1.972,-0.614,1.845,-1.12,-0.694,1.691,-1.902,-1.703,0.5,1.522,-1.951,0.99
205,3.0,27.0,10.0,29.0,11.0,7.0,0.23,0.855,-0.863,-0.003,1.58,1.576,-1.462,-1.176,-1.76,-0.257,-1.847,-0.22,0.584,-0.905,0.708,0.325,-1.91,0.267,-1.001,-0.383,-0.834,0.782,-0.219,-1.373,0.211,1.072,-0.725,-1.092,-0.445,1.7
206,13.0,15.0,17.0,15.0,3.0,30.0,1.086,-1.094,1.293,1.848,1.89,-0.178,0.392,1.069,0.536,0.866,-1.902,-0.8,-1.72,1.426,-0.462,0.755,-1.007,-0.615,-2.007,-0.6,1.83,-1.136,-0.744,1.625,-1.877,-1.701,0.511,1.45,-1.93,1.025
207,12.0,24.0,25.0,18.0,18.0,6.0,-1.423,0.948,-0.933,0.129,-1.905,1.632,1.591,-1.836,1.849,-1.414,-0.852,0.404,1.775,1.451,-1.971,0.061,0.173,-0.058,1.058,-1.307,1.031,-1.899,-1.499,-1.572,-0.752,0.694,-0.137,1.283,-0.842,0.957
208,3.0,5.0,6.0,30.0,14.0,3.0,0.235,0.788,-0.854,0.062,1.566,1.551,-1.526,-1.144,-1.758,-0.195,-1.929,-0.173,0.58,-0.869,0.669,0.344,-1.935,0.255,-0.996,-0.321,-0.909,0.735,-0.243,-1.372,0.225,1.143,-0.742,-1.156,-0.46,1.767
209,4.0,4.0,7.0,27.0,3.0,13.0,1.879,0.235,1.925,0.883,0.768,-1.163,1.931,-1.928,-0.956,-0.3,1.084,-1.206,1.491,1.918,-1.352,0.373,-1.971,-0.498,-1.833,1.855,-0.215,1.797,1.115,1.502,-1.356,-1.701,0.407,-1.347,0.93,-0.354
210,13.0,21.0,8.0,29.0,13.0,21.0,1.067,-1.068,1.313,1.895,1.938,-0.225,0.402,1.053,0.528,0.915,-1.858,-0.814,-1.752,1.399,-0.47,0.727,-0.974,-0.593,-1.987,-0.571,1.778,-1.096,-0.68,1.644,-1.847,-1.765,0.472,1.463,-1.936,0.973
211,0.0,27.0,10.0,24.0,23.0,26.0,0.199,0.911,0.371,0.137,-0.294,0.629,-0.207,1.553,1.859,-0.486,1.206,0.091,0.282,1.732,-1.75,-1.621,-1.928,1.295,1.144,1.495,1.903,1.168,-0.131,1.084,-1.52,0.556,-1.423,1.753,0.136,-0.304
212,3.0,5.0,16.0,1.0,26.0,28.0,0.232,0.868,-0.873,0.083,1.582,1.587,-1.512,-1.158,-1.782,-0.197,-1.862,-0.187,0.547,-0.924,0.668,0.344,-1.909,0.265,-1.002,-0.352,-0.911,0.745,-0.226,-1.418,0.133,1.129,-0.79,-1.096,-0.493,1.756
213,13.0,3.0,29.0,19.0,18.0,23.0,1.148,-1.015,1.29,1.889,1.854,-0.179,0.434,1.065,0.613,0.85,-1.895,-0.824,-1.784,1.478,-0.552,0.671,-1.025,-0.652,-1.955,-0.608,1.758,-1.149,-0.718,1.66,-1.836,-1.779,0.518,1.511,-2.002,0.948
214,1.0,7.0,12.0,25.0,24.0,19.0,-0.324,0.885,-1.972,-0.821,-1.364,-1.615,-1.294,-0.6,-0.45,0.171,-0.372,0.787,-1.162,1.479,-1.892,0.701,-0.339,0.23,-1.43,-1.206,1.172,1.883,-0.718,0.761,1.465,1.615,-1.682,-1.864,-1.353,1.511
215,5.0,7.0,6.0,4.0,0.0,12.0,-1.162,1.457,-1.157,1.708,-0.011,0.465,1.101,0.121,-0.816,-1.211,-1.672,0.917,-0.276,-1.358,1.512,-0.937,-0.373,-0.853,0.475,0.3,0.356,-0.979,-0.887,-0.943,-0.696,-1.456,-1.33,1.83,1.861,-1.245
216,2.0,27.0,15.0,19.0,17.0,17.0,-0.229,-1.918,0.235,-0.261,-0.276,-0.726,-1.145,0.504,-0.795,-0.894,0.497,0.157,-1.508,0.059,-1.271,1.15,1.4,-0.005,1.356,-1.654,0.069,-1.732,-0.299,-1.66,-1.452,0.342,-1.114,-1.567,-1.148,-0.636
217,1.0,9.0,8.0,16.0,3.0,26.0,-0.371,0.884,-1.99,-0.802,-1.441,-1.642,-1.242,-0.659,-0.383,0.111,-0.344,0.712,-1.165,1.542,-1.885,0.715,-0.319,0.248,-1.462,-1.16,1.203,1.913,-0.737,0.778,1.492,1.565,-1.621,-1.838,-1.293,1.522
218,3.0,12.0,7.0,2.0,22.0,3.0,0.192,0.862,-0.879,0.016,1.609,1.541,-1.525,-1.147,-1.777,-0.217,-1.893,-0.215,0.646,-0.906,0.744,0.388,-1.932,0.269,-0.928,-0.355,-0.878,0.728,-0.21,-1.338,0.2,1.111,-0.744,-1.076,-0.475,1.758
219,3.0,10.0,28.0,20.0,25.0,16.0,0.233,0.785,-0.806,0.049,1.58,1.629,-1.451,-1.193,-1.761,-0.219,-1.907,-0.153,0.585,-0.872,0.659,0.359,-1.861,0.276,-0.935,-0.353,-0.881,0.77,-0.198,-1.406,0.172,1.09,-0.762,-1.149,-0.398,1.744
220,4.0,25.0,8.0,14.0,5.0,7.0,1.914,0.17,1.841,0.827,0.835,-1.142,1.934,-1.952,-0.98,-0.283,1.089,-1.2,1.464,1.919,-1.298,0.399,-1.988,-0.476,-1.785,1.854,-0.246,1.799,1.166,1.501,-1.289,-1.715,0.435,-1.317,0.892,-0.387
221,10.0,12.0,8.0,8.0,8.0,8.0,1.087,-1.891,0.575,0.996,-0.006,-1.07,-1.188,1.023,-1.322,-1.64,0.7,1.783,-1.995,0.089,1.247,0.409,0.891,-0.822,1.676,0.908,0.188,-1.447,-0.481,0.69,-0.213,-0.298,0.443,0.061,0.636,0.404
222,1.0,14.0,18.0,11.0,28.0,23.0,-0.371,0.874,-1.998,-0.763,-1.37,-1.621,-1.304,-0.631,-0.442,0.153,-0.281,0.785,-1.135,1.51,-1.922,0.701,-0.348,0.225,-1.442,-1.228,1.225,1.83,-0.716,0.725,1.501,1.534,-1.642,-1.847,-1.303,1.464
223,0.0,23.0,0.0,27.0,14.0,6.0,0.15,0.83,0.452,0.169,-0.353,0.543,-0.2,1.53,1.818,-0.47,1.183,0.152,0.268,1.719,-1.701,-1.663,-1.93,1.284,1.091,1.465,1.913,1.2,-0.153,1.143,-1.494,0.538,-1.423,1.787,0.092,-0.326
224,9.0,10.0,11.0,22.0,30.0,6.0,-2.008,-0.005,-0.006,-1.501,-1.396,-1.09,-0.347,-1.056,-1.62,-0.622,-1.295,1.484,1.827,-1.873,0.832,0.309,1.552,0.708,0.199,0.857,-0.424,0.756,1.311,-0.138,1.722,1.191,1.912,-1.334,0.083,1.748
225,1.0,5.0,0.0,20.0,25.0,29.0,-0.377,0.846,-1.963,-0.825,-1.445,-1.669,-1.304,-0.596,-0.405,0.187,-0.312,0.76,-1.155,1.466,-1.894,0.675,-0.317,0.242,-1.476,-1.219,1.195,1.865,-0.733,0.789,1.537,1.584,-1.709,-1.857,-1.272,1.483
226,15.0,23.0,14.0,27.0,14.0,9.0,1.441,-1.245,-1.803,-0.603,-0.875,0.163,-0.754,-0.821,-1.59,-0.973,1.679,-0.937,0.852,1.46,1.231,-1.167,-1.346,-1.812,-1.808,-1.248,1.999,-0.542,1.054,-0.119,0.011,1.83,-1.587,-0.107,-1.436,0.12
227,12.0,28.0,11.0,29.0,17.0,23.0,-1.376,0.919,-0.957,0.121,-1.907,1.671,1.618,-1.821,1.835,-1.406,-0.84,0.451,1.821,1.394,-2.03,0.097,0.178,-0.084,1.04,-1.406,1.093,-1.964,-1.43,-1.559,-0.755,0.661,-0.067,1.258,-0.814,0.943
228,14.0,12.0,20.0,5.0,14.0,13.0,0.085,1.075,1.433,-1.96,-0.734,1.836,0.062,-0.681,0.171,-1.148,1.268,-0.676,0.174,-1.945,0.741,-1.148,1.723,-0.53,1.029,1.093,1.442,-1.534,-0.845,-0.095,0.665,-1.014,0.771,0.587,-1.298,-0.679
229,10.0,15.0,28.0,1.0,1.0,1.0,1.105,-1.929,0.489,1.022,-0.021,-1.109,-1.226,1.03,-1.326,-1.606,0.695,1.829,-1.983,0.045,1.277,0.492,0.864,-0.793,1.689,0.86,0.189,-1.411,-0.461,0.679,-0.234,-0.266,0.494,0.073,0.649,0.393
230,11.0,26.0,11.0,30.0,17.0,28.0,-1.244,-1.97,-0.146,0.853,-0.282,-0.03,-1.991,-0.042,1.722,1.441,0.956,-1.609,1.612,1.399,-1.337,0.494,-1.946,-1.564,-0.742,-1.385,1.071,1.23,-0.657,-0.693,-1.534,-1.672,0.85,0.35,-1.818,-0.033
231,4.0,28.0,26.0,15.0,4.0,30.0,1.833,0.175,1.901,0.83,0.829,-1.173,1.911,-1.936,-1.0,-0.218,1.165,-1.193,1.411,1.967,-1.322,0.434,-1.976,-0.458,-1.779,1.822,-0.225,1.833,1.195,1.478,-1.324,-1.731,0.384,-1.34,0.91,-0.318
232,4.0,10.0,9.0,24.0,7.0,30.0,1.835,0.234,1.867,0.855,0.757,-1.152,1.93,-1.998,-0.947,-0.296,1.103,-1.223,1.469,1.909,-1.304,0.428,-1.933,-0.438,-1.845,1.793,-0.262,1.817,1.101,1.428,-1.276,-1.71,0.363,-1.298,0.884,-0.359
233,7.0,18.0,8.0,26.0,6.0,16.0,-1.733,1.123,-0.239,0.859,1.868,0.163,0.002,-1.71,-0.896,-0.012,0.679,1.218,-0.507,-1.696,-0.866,1.651,-1.158,-0.193,1.684,-1.902,0.405,1.842,-1.066,0.229,1.622,-1.425,0.139,1.008,0.717,-0.167
234,10.0,15.0,28.0,15.0,27.0,17.0,1.07,-1.918,0.515,1.012,-0.014,-1.131,-1.19,1.038,-1.302,-1.671,0.741,1.789,-2.01,0.028,1.208,0.424,0.909,-0.873,1.676,0.906,0.151,-1.447,-0.492,0.667,-0.242,-0.255,0.507,0.059,0.603,0.366
235,14.0,14.0,5.0,20.0,9.0,16.0,0.012,1.098,1.492,-1.923,-0.797,1.833,0.017,-0.706,0.109,-1.102,1.273,-0.627,0.174,-1.928,0.739,-1.21,1.776,-0.524,0.961,1.086,1.464,-1.539,-0.804,-0.099,0.705,-0.951,0.78,0.604,-1.238,-0.683
236,7.0,14.0,12.0,10.0,10.0,14.0,-1.656,1.129,-0.219,0.855,1.948,0.116,-0.045,-1.679,-0.94,0.031,0.739,1.208,-0.456,-1.759,-0.885,1.673,-1.123,-0.21,1.708,-1.912,0.39,1.777,-1.033,0.213,1.678,-1.495,0.099,1.047,0.647,-0.148
237,4.0,10.0,11.0,5.0,8.0,4.0,1.914,0.186,1.933,0.833,0.781,-1.119,1.897,-1.936,-0.944,-0.258,1.157,-1.247,1.465,1.966,-1.336,0.434,-1.996,-0.443,-1.862,1.794,-0.271,1.805,1.119,1.428,-1.299,-1.685,0.422,-1.324,0.94,-0.405
238,4.0,0.0,25.0,11.0,26.0,27.0,1.83,0.162,1.877,0.855,0.765,-1.124,1.879,-2.025,-1.021,-0.23,1.167,-1.234,1.472,1.894,-1.389,0.342,-1.944,-0.496,-1.869,1.872,-0.279,1.756,1.158,1.416,-1.339,-1.668,0.448,-1.346,0.918,-0.37
239,7.0,8.0,21.0,3.0,30.0,12.0,-1.658,1.113,-0.217,0.91,1.875,0.151,0.001,-1.745,-0.939,-0.007,0.684,1.234,-0.51,-1.691,-0.802,1.679,-1.125,-0.192,1.754,-1.919,0.433,1.766,-1.049,0.177,1.641,-1.496,0.058,0.993,0.676,-0.126
240,10.0,0.0,9.0,16.0,24.0,30.0,1.124,-1.927,0.521,0.963,0.043,-1.063,-1.214,1.039,-1.307,-1.658,0.734,1.823,-2.006,-0.0,1.245,0.408,0.889,-0.876,1.662,0.823,0.203,-1.416,-0.547,0.698,-0.204,-0.229,0.422,0.023,0.594,0.358
241,6.0,21.0,19.0,21.0,1.0,21.0,1.569,-0.625,1.261,-1.876,-1.53,0.342,0.129,-0.281,-0.652,0.521,-0.29,0.896,0.056,0.273,0.59,1.981,1.325,-0.32,1.455,1.302,-1.768,0.912,1.177,0.972,0.831,0.167,-1.533,1.788,-0.342,-1.105
242,11.0,9.0,12.0,21.0,10.0,12.0,-1.271,-1.961,-0.182,0.898,-0.363,-0.064,-1.909,-0.009,1.726,1.424,0.949,-1.522,1.581,1.425,-1.332,0.5,-1.89,-1.531,-0.72,-1.339,0.997,1.254,-0.645,-0.696,-1.553,-1.673,0.9,0.426,-1.812,-0.091
243,7.0,12.0,28.0,18.0,20.0,2.0,-1.709,1.159,-0.218,0.94,1.96,0.181,-0.032,-1.667,-0.955,-0.001,0.697,1.199,-0.48,-1.75,-0.84,1.611,-1.132,-0.152,1.745,-1.891,0.415,1.774,-1.08,0.204,1.635,-1.516,0.112,1.02,0.71,-0.115
244,8.0,22.0,16.0,14.0,8.0,4.0,1.511,1.873,1.482,0.139,-1.025,-1.959,-0.237,-0.405,0.1,-0.107,0.22,0.156,1.036,0.853,0.456,-0.273,-0.864,1.864,-0.655,-1.095,-1.735,1.887,-1.473,-0.67,-1.703,-1.065,-0.447,1.613,-0.603,1.966
245,10.0,28.0,7.0,24.0,27.0,16.0,1.061,-1.924,0.497,1.013,-0.03,-1.1,-1.248,1.043,-1.298,-1.66,0.715,1.779,-1.97,0.013,1.248,0.41,0.887,-0.867,1.657,0.815,0.162,-1.391,-0.554,0.687,-0.245,-0.262,0.51,0.058,0.625,0.392
246,0.0,30.0,1.0,16.0,14.0,21.0,0.147,0.896,0.377,0.156,-0.3,0.538,-0.269,1.614,1.903,-0.495,1.206,0.085,0.228,1.71,-1.721,-1.693,-1.915,1.329,1.155,1.497,1.879,1.218,-0.18,1.14,-1.57,0.556,-1.464,1.745,0.093,-0.353
247,12.0,14.0,10.0,10.0,7.0,2.0,-1.407,0.936,-0.961,0.086,-1.949,1.666,1.638,-1.898,1.875,-1.472,-0.841,0.386,1.751,1.417,-1.993,0.064,0.2,-0.056,1.051,-1.385,1.063,-1.872,-1.409,-1.521,-0.803,0.668,-0.089,1.287,-0.881,0.976
248,13.0,7.0,26.0,1.0,1.0,21.0,1.15,-1.094,1.249,1.849,1.841,-0.219,0.433,1.107,0.567,0.882,-1.89,-0.801,-1.725,1.454,-0.505,0.702,-0.951,-0.637,-1.915,-0.561,1.748,-1.175,-0.675,1.623,-1.88,-1.701,0.492,1.505,-1.957,0.964
249,2.0,28.0,16.0,12.0,19.0,8.0,-0.228,-1.861,0.228,-0.243,-0.312,-0.63,-1.18,0.429,-0.813,-0.907,0.463,0.096,-1.499,0.018,-1.309,1.102,1.417,-0.071,1.359,-1.635,-0.026,-1.771,-0.291,-1.591,-1.501,0.355,-1.104,-1.569,-1.143,-0.617
250,1.0,23.0,23.0,25.0,25.0,5.0,-0.357,0.887,-1.951,-0.76,-1.413,-1.671,-1.224,-0.612,-0.367,0.156,-0.342,0.768,-1.146,1.528,-1.887,0.659,-0.326,0.2,-1.459,-1.185,1.216,1.914,-0.764,0.791,1.467,1.608,-1.709,-1.831,-1.288,1.538
251,2.0,0.0,9.0,4.0,9.0,19.0,-0.245,-1.918,0.172,-0.221,-0.348,-0.678,-1.168,0.428,-0.764,-0.935,0.457,0.157,-1.478,0.065,-1.241,1.181,1.426,-0.007,1.395,-1.684,-0.02,-1.758,-0.312,-1.564,-1.449,0.408,-1.077,-1.577,-1.078,-0.601
252,1.0,24.0,18.0,19.0,25.0,20.0,-0.314,0.911,-1.964,-0.773,-1.443,-1.674,-1.274,-0.603,-0.459,0.193,-0.308,0.762,-1.139,1.536,-1.901,0.669,-0.302,0.265,-1.464,-1.18,1.158,1.921,-0.702,0.779,1.503,1.613,-1.636,-1.854,-1.333,1.521
253,13.0,1.0,10.0,2.0,30.0,10.0,1.148,-1.025,1.277,1.893,1.939,-0.199,0.426,1.072,0.601,0.848,-1.847,-0.823,-1.794,1.455,-0.472,0.713,-1.022,-0.638,-1.995,-0.559,1.844,-1.138,-0.693,1.635,-1.905,-1.749,0.543,1.53,-1.949,0.937
254,6.0,19.0,25.0,17.0,8.0,22.0,1.549,-0.672,1.292,-1.789,-1.602,0.404,0.103,-0.322,-0.679,0.463,-0.221,0.93,0.051,0.301,0.577,1.953,1.247,-0.352,1.553,1.269,-1.791,0.922,1.17,0.985,0.823,0.139,-1.477,1.842,-0.429,-1.153
255,4.0,20.0,17.0,16.0,6.0,12.0,1.835,0.204,1.902,0.865,0.832,-1.138,1.916,-2.021,-0.947,-0.304,1.148,-1.242,1.487,1.946,-1.309,0.409,-2.001,-0.425,-1.819,1.855,-0.282,1.787,1.189,1.498,-1.269,-1.658,0.42,-1.279,0.884,-0.403
256,11.0,22.0,3.0,16.0,7.0,11.0,-1.249,-1.937,-0.166,0.904,-0.311,-0.026,-1.999,-0.037,1.764,1.416,0.913,-1.605,1.62,1.437,-1.301,0.494,-1.888,-1.526,-0.777,-1.338,1.03,1.241,-0.597,-0.745,-1.554,-1.669,0.815,0.381,-1.752,-0.066
257,0.0,11.0,7.0,12.0,22.0,4.0,0.183,0.86,0.46,0.139,-0.28,0.633,-0.232,1.613,1.889,-0.474,1.133,0.112,0.237,1.692,-1.699,-1.62,-1.954,1.314,1.118,1.49,1.916,1.178,-0.17,1.095,-1.557,0.579,-1.452,1.792,0.059,-0.324
258,10.0,9.0,12.0,2.0,3.0,15.0,1.124,-1.939,0.552,1.042,0.023,-1.125,-1.17,1.022,-1.324,-1.691,0.703,1.817,-1.971,0.075,1.252,0.44,0.901,-0.837,1.635,0.827,0.199,-1.402,-0.555,0.708,-0.208,-0.248,0.454,0.088,0.56,0.415
259,8.0,8.0,29.0,11.0,21.0,13.0,1.479,1.866,1.47,0.141,-1.103,-1.936,-0.268,-0.396,0.136,-0.135,0.27,0.163,1.09,0.855,0.492,-0.312,-0.875,1.918,-0.625,-1.162,-1.687,1.905,-1.507,-0.739,-1.752,-1.145,-0.454,1.539,-0.618,1.914
260,10.0,14.0,15.0,23.0,23.0,17.0,1.105,-1.965,0.553,0.964,0.024,-1.112,-1.19,1.01,-1.311,-1.648,0.706,1.772,-1.978,0.056,1.244,0.469,0.907,-0.796,1.649,0.864,0.12,-1.453,-0.471,0.736,-0.239,-0.283,0.515,0.006,0.581,0.408
261,7.0,19.0,5.0,15.0,17.0,2.0,-1.658,1.098,-0.238,0.928,1.933,0.133,0.002,-1.673,-0.923,-0.016,0.713,1.219,-0.466,-1.784,-0.858,1.617,-1.161,-0.202,1.735,-1.905,0.438,1.792,-1.07,0.242,1.605,-1.513,0.134,1.044,0.692,-0.175
262,14.0,9.0,0.0,18.0,4.0,5.0,0.013,1.128,1.53,-1.969,-0.734,1.807,0.062,-0.776,0.157,-1.12,1.191,-0.638,0.113,-2.001,0.651,-1.135,1.754,-0.467,1.004,1.036,1.447,-1.589,-0.794,-0.092,0.678,-1.015,0.818,0.64,-1.288,-0.709
263,10.0,2.0,9.0,30.0,9.0,1.0,1.065,-1.938,0.548,0.95,0.028,-1.076,-1.205,1.048,-1.292,-1.637,0.72,1.792,-2.02,0.031,1.283,0.413,0.905,-0.869,1.64,0.873,0.158,-1.435,-0.515,0.657,-0.253,-0.275,0.449,0.016,0.645,0.45
264,9.0,15.0,3.0,24.0,9.0,4.0,-1.963,0.007,-0.022,-1.506,-1.42,-1.163,-0.3,-1.045,-1.64,-0.584,-1.338,1.531,1.822,-1.817,0.775,0.334,1.624,0.626,0.217,0.842,-0.459,0.812,1.336,-0.088,1.792,1.19,1.981,-1.343,0.131,1.77
265,8.0,17.0,4.0,18.0,30.0,28.0,1.45,1.862,1.449,0.14,-1.036,-1.976,-0.314,-0.386,0.141,-0.045,0.267,0.194,1.049,0.892,0.466,-0.255,-0.857,1.851,-0.627,-1.097,-1.744,1.955,-1.452,-0.713,-1.713,-1.123,-0.392,1.57,-0.654,1.893
266,10.0,20.0,17.0,30.0,19.0,17.0,1.06,-1.963,0.49,1.012,0.007,-1.071,-1.257,1.076,-1.311,-1.68,0.754,1.777,-1.999,0.001,1.212,0.475,0.891,-0.876,1.683,0.814,0.15,-1.393,-0.531,0.69,-0.194,-0.218,0.499,0.099,0.624,0.385
267,15.0,17.0,17.0,1.0,22.0,0.0,1.379,-1.251,-1.799,-0.548,-0.881,0.091,-0.757,-0.771,-1.542,-1.038,1.662,-0.935,0.921,1.448,1.208,-1.17,-1.325,-1.849,-1.887,-1.231,2.03,-0.518,1.015,-0.14,0.082,1.771,-1.599,-0.116,-1.439,0.173
268,1.0,16.0,30.0,7.0,3.0,10.0,-0.353,0.856,-2.027,-0.77,-1.442,-1.669,-1.286,-0.627,-0.453,0.184,-0.324,0.767,-1.215,1.497,-1.9,0.69,-0.288,0.255,-1.467,-1.171,1.246,1.827,-0.716,0.736,1.532,1.543,-1.63,-1.809,-1.298,1.56
269,15.0,9.0,0.0,9.0,30.0,14.0,1.384,-1.283,-1.798,-0.565,-0.91,0.079,-0.775,-0.779,-1.563,-0.972,1.681,-0.945,0.866,1.455,1.181,-1.179,-1.287,-1.849,-1.794,-1.188,1.954,-0.53,1.015,-0.096,-0.006,1.816,-1.579,-0.181,-1.438,0.184
270,12.0,26.0,29.0,11.0,3.0,17.0,-1.383,0.948,-0.951,0.149,-1.897,1.696,1.621,-1.842,1.796,-1.454,-0.859,0.472,1.769,1.375,-2.024,0.108,0.251,-0.081,1.115,-1.385,1.094,-1.953,-1.446,-1.53,-0.789,0.703,-0.098,1.302,-0.793,0.95
271,15.0,6.0,12.0,11.0,30.0,15.0,1.354,-1.24,-1.826,-0.559,-0.927,0.143,-0.8,-0.763,-1.551,-1.008,1.7,-0.925,0.836,1.443,1.27,-1.201,-1.29,-1.827,-1.86,-1.152,1.977,-0.473,0.999,-0.085,0.071,1.814,-1.561,-0.119,-1.417,0.12
272,4.0,15.0,17.0,6.0,6.0,21.0,1.877,0.217,1.869,0.857,0.814,-1.115,1.952,-1.931,-0.961,-0.236,1.07,-1.234,1.414,1.949,-1.394,0.396,-1.918,-0.42,-1.795,1.832,-0.303,1.83,1.127,1.478,-1.329,-1.652,0.393,-1.29,0.886,-0.391
273,11.0,21.0,8.0,16.0,21.0,13.0,-1.28,-1.884,-0.176,0.887,-0.332,-0.019,-1.901,-0.088,1.769,1.43,0.902,-1.576,1.622,1.458,-1.327,0.575,-1.911,-1.527,-0.694,-1.397,1.002,1.309,-0.648,-0.768,-1.581,-1.661,0.852,0.377,-1.738,-0.07
274,9.0,3.0,10.0,5.0,23.0,26.0,-1.952,-0.033,0.006,-1.452,-1.471,-1.159,-0.351,-1.019,-1.677,-0.639,-1.352,1.552,1.844,-1.861,0.83,0.326,1.6,0.704,0.183,0.85,-0.419,0.784,1.324,-0.101,1.749,1.235,1.9,-1.291,0.037,1.783
275,0.0,2.0,17.0,7.0,10.0,23.0,0.146,0.84,0.368,0.194,-0.332,0.627,-0.244,1.588,1.893,-0.502,1.135,0.079,0.276,1.684,-1.764,-1.663,-1.926,1.358,1.156,1.492,1.889,1.213,-0.171,1.095,-1.521,0.535,-1.38,1.796,0.135,-0.342
276,11.0,30.0,23.0,25.0,23.0,1.0,-1.253,-1.936,-0.132,0.913,-0.293,-0.029,-1.9,-0.038,1.797,1.45,0.949,-1.577,1.564,1.414,-1.302,0.572,-1.902,-1.536,-0.766,-1.372,1.041,1.279,-0.638,-0.714,-1.572,-1.64,0.818,0.408,-1.824,-0.078
277,2.0,20.0,13.0,15.0,18.0,9.0,-0.267,-1.885,0.221,-0.247,-0.36,-0.719,-1.153,0.453,-0.843,-0.947,0.508,0.127,-1.49,0.099,-1.261,1.113,1.383,-0.042,1.347,-1.647,0.054,-1.713,-0.323,-1.575,-1.469,0.352,-1.125,-1.53,-1.16,-0.617
278,3.0,20.0,9.0,9.0,9.0,26.0,0.2,0.868,-0.875,0.037,1.561,1.615,-1.505,-1.158,-1.75,-0.235,-1.898,-0.138,0.568,-0.871,0.685,0.313,-1.871,0.28,-0.955,-0.292,-0.846,0.724,-0.256,-1.414,0.204,1.089,-0.807,-1.148,-0.4,1.754
279,9.0,20.0,15.0,24.0,2.0,0.0,-1.953,-0.006,0.005,-1.456,-1.403,-1.115,-0.31,-1.026,-1.684,-0.658,-1.36,1.54,1.784,-1.839,0.774,0.248,1.593,0.636,0.224,0.771,-0.405,0.764,1.29,-0.171,1.794,1.241,1.909,-1.326,0.073,1.789
280,14.0,9.0,25.0,8.0,14.0,14.0,0.01,1.11,1.514,-1.964,-0.731,1.801,0.066,-0.741,0.157,-1.158,1.208,-0.657,0.199,-1.947,0.692,-1.183,1.773,-0.551,0.994,1.027,1.509,-1.525,-0.845,-0.059,0.703,-0.944,0.787,0.662,-1.277,-0.725
281,5.0,29.0,22.0,26.0,10.0,1.0,-1.103,1.521,-1.148,1.638,-0.068,0.486,1.071,0.105,-0.808,-1.292,-1.64,0.95,-0.228,-1.342,1.518,-0.862,-0.315,-0.81,0.499,0.342,0.418,-0.975,-0.882,-0.975,-0.727,-1.446,-1.317,1.887,1.815,-1.282
282,0.0,11.0,14.0,11.0,6.0,22.0,0.23,0.841,0.364,0.227,-0.279,0.615,-0.239,1.54,1.89,-0.489,1.137,0.121,0.249,1.662,-1.734,-1.617,-1.879,1.377,1.065,1.525,1.9,1.205,-0.182,1.164,-1.515,0.573,-1.43,1.794,0.038,-0.382
283,4.0,11.0,5.0,9.0,2.0,14.0,1.89,0.188,1.862,0.908,0.814,-1.122,1.862,-2.016,-0.942,-0.215,1.094,-1.234,1.468,1.895,-1.318,0.359,-1.983,-0.493,-1.807,1.84,-0.281,1.799,1.12,1.49,-1.309,-1.749,0.385,-1.368,0.938,-0.348
284,5.0,15.0,29.0,29.0,8.0,7.0,-1.108,1.46,-1.134,1.702,-0.043,0.452,1.02,0.097,-0.796,-1.255,-1.696,0.98,-0.217,-1.343,1.525,-0.903,-0.363,-0.808,0.506,0.28,0.427,-0.905,-0.896,-0.958,-0.686,-1.472,-1.308,1.872,1.816,-1.208
285,8.0,4.0,21.0,9.0,10.0,2.0,1.542,1.92,1.468,0.081,-1.051,-1.937,-0.302,-0.378,0.118,-0.059,0.221,0.179,1.075,0.845,0.461,-0.308,-0.824,1.89,-0.698,-1.115,-1.755,1.955,-1.499,-0.71,-1.693,-1.076,-0.395,1.602,-0.592,1.931
286,7.0,29.0,26.0,19.0,2.0,27.0,-1.659,1.106,-0.25,0.937,1.919,0.174,-0.027,-1.665,-0.97,0.039,0.709,1.2,-0.524,-1.74,-0.806,1.613,-1.111,-0.217,1.707,-1.883,0.434,1.773,-1.093,0.197,1.623,-1.488,0.055,1.019,0.649,-0.099
287,11.0,24.0,4.0,28.0,18.0,11.0,-1.269,-1.878,-0.193,0.896,-0.327,-0.07,-1.999,-0.013,1.76,1.418,0.877,-1.588,1.534,1.414,-1.383,0.556,-1.951,-1.541,-0.752,-1.334,1.086,1.26,-0.668,-0.716,-1.558,-1.655,0.803,0.376,-1.816,-0.071
288,2.0,5.0,27.0,7.0,12.0,10.0,-0.252,-1.925,0.231,-0.237,-0.347,-0.631,-1.19,0.517,-0.819,-0.939,0.488,0.156,-1.436,0.048,-1.214,1.124,1.395,-0.05,1.409,-1.699,-0.003,-1.751,-0.251,-1.645,-1.511,0.346,-1.126,-1.612,-1.072,-0.566
289,11.0,14.0,2.0,8.0,4.0,23.0,-1.271,-1.927,-0.159,0.892,-0.335,-0.029,-1.946,-0.084,1.815,1.365,0.917,-1.597,1.558,1.445,-1.385,0.572,-1.898,-1.495,-0.78,-1.355,0.997,1.274,-0.625,-0.723,-1.574,-1.628,0.829,0.435,-1.814,-0.106
290,11.0,18.0,6.0,9.0,0.0,22.0,-1.307,-1.932,-0.161,0.897,-0.334,-0.103,-1.98,-0.049,1.721,1.444,0.962,-1.526,1.623,1.409,-1.291,0.497,-1.907,-1.54,-0.754,-1.352,1.061,1.295,-0.641,-0.755,-1.524,-1.623,0.847,0.392,-1.766,-0.103
291,6.0,21.0,28.0,8.0,28.0,0.0,1.59,-0.66,1.252,-1.832,-1.613,0.413,0.145,-0.372,-0.673,0.52,-0.291,0.993,0.063,0.285,0.561,1.955,1.294,-0.303,1.506,1.275,-1.808,0.896,1.213,0.927,0.86,0.14,-1.455,1.794,-0.413,-1.114
292,1.0,3.0,6.0,25.0,14.0,14.0,-0.285,0.925,-1.969,-0.754,-1.423,-1.667,-1.244,-0.639,-0.432,0.189,-0.293,0.752,-1.219,1.538,-1.931,0.717,-0.286,0.268,-1.45,-1.179,1.184,1.883,-0.705,0.795,1.515,1.621,-1.671,-1.835,-1.335,1.535
293,7.0,24.0,20.0,27.0,15.0,13.0,-1.654,1.119,-0.291,0.847,1.927,0.197,-0.034,-1.705,-0.914,-0.024,0.67,1.17,-0.51,-1.719,-0.887,1.608,-1.148,-0.223,1.735,-1.859,0.388,1.799,-1.031,0.153,1.656,-1.436,0.072,0.999,0.7,-0.145
294,1.0,15.0,20.0,12.0,27.0,18.0,-0.36,0.914,-1.984,-0.79,-1.454,-1.631,-1.238,-0.577,-0.427,0.19,-0.338,0.729,-1.189,1.498,-1.905,0.676,-0.362,0.238,-1.479,-1.233,1.252,1.85,-0.758,0.789,1.48,1.537,-1.649,-1.874,-1.281,1.537
295,6.0,2.0,1.0,5.0,24.0,19.0,1.584,-0.642,1.267,-1.821,-1.574,0.429,0.109,-0.37,-0.628,0.532,-0.265,0.934,0.052,0.345,0.582,1.992,1.311,-0.37,1.526,1.289,-1.733,0.889,1.187,0.956,0.849,0.191,-1.536,1.795,-0.37,-1.144
296,5.0,18.0,4.0,11.0,2.0,5.0,-1.078,1.476,-1.153,1.706,-0.008,0.475,1.112,0.06,-0.861,-1.219,-1.683,0.994,-0.22,-1.381,1.565,-0.865,-0.386,-0.821,0.534,0.366,0.44,-0.927,-0.863,-0.984,-0.705,-1.427,-1.351,1.814,1.804,-1.233
297,10.0,12.0,6.0,20.0,0.0,10.0,1.097,-1.91,0.504,1.012,-0.05,-1.057,-1.159,1.055,-1.348,-1.667,0.733,1.772,-1.95,0.007,1.261,0.403,0.85,-0.823,1.673,0.907,0.195,-1.477,-0.483,0.667,-0.196,-0.233,0.451,0.008,0.566,0.402
298,13.0,4.0,4.0,2.0,14.0,27.0,1.154,-1.041,1.31,1.814,1.87,-0.204,0.398,1.063,0.547,0.884,-1.83,-0.852,-1.804,1.416,-0.489,0.75,-0.991,-0.591,-1.923,-0.586,1.835,-1.156,-0.708,1.674,-1.837,-1.755,0.516,1.522,-2.001,1.013
299,0.0,23.0,4.0,24.0,21.0,9.0,0.218,0.862,0.437,0.131,-0.263,0.623,-0.232,1.606,1.862,-0.449,1.158,0.154,0.247,1.66,-1.703,-1.656,-1.955,1.348,1.109,1.441,1.868,1.205,-0.11,1.082,-1.56,0.593,-1.382,1.729,0.071,-0.342
300,1.0,5.0,28.0,26.0,30.0,30.0,-0.354,0.868,-1.963,-0.79,-1.434,-1.619,-1.259,-0.621,-0.384,0.119,-0.333,0.762,-1.132,1.534,-1.871,0.73,-0.32,0.281,-1.433,-1.212,1.232,1.918,-0.796,0.748,1.483,1.561,-1.66,-1.81,-1.364,1.517
301,9.0,9.0,5.0,6.0,1.0,9.0,-1.988,-0.035,-0.044,-1.482,-1.461,-1.084,-0.299,-0.973,-1.655,-0.614,-1.38,1.547,1.849,-1.879,0.776,0.302,1.545,0.704,0.206,0.764,-0.407,0.774,1.277,-0.13,1.718,1.258,1.983,-1.36,0.08,1.801
302,9.0,10.0,19.0,23.0,20.0,15.0,-1.939,-0.014,0.027,-1.507,-1.431,-1.106,-0.348,-0.997,-1.675,-0.583,-1.377,1.548,1.829,-1.852,0.815,0.288,1.552,0.697,0.202,0.835,-0.497,0.763,1.261,-0.114,1.788,1.247,1.953,-1.285,0.037,1.795
303,13.0,3.0,7.0,8.0,30.0,30.0,1.071,-1.067,1.26,1.817,1.929,-0.202,0.458,1.095,0.591,0.864,-1.846,-0.763,-1.8,1.383,-0.532,0.71,-0.981,-0.651,-1.975,-0.577,1.808,-1.124,-0.689,1.629,-1.835,-1.756,0.483,1.53,-2.005,0.971
304,12.0,16.0,0.0,25.0,27.0,10.0,-1.398,0.97,-0.953,0.096,-1.925,1.637,1.565,-1.869,1.865,-1.419,-0.9,0.41,1.78,1.398,-1.977,0.065,0.247,-0.098,1.105,-1.399,1.053,-1.954,-1.421,-1.519,-0.757,0.672,-0.139,1.234,-0.795,0.926
305,3.0,9.0,13.0,13.0,25.0,26.0,0.195,0.878,-0.882,0.046,1.568,1.547,-1.54,-1.182,-1.793,-0.225,-1.89,-0.178,0.646,-0.912,0.753,0.369,-1.954,0.259,-1.011,-0.331,-0.852,0.807,-0.219,-1.381,0.203,1.164,-0.759,-1.137,-0.43,1.76
306,1.0,10.0,4.0,3.0,0.0,4.0,-0.377,0.894,-2.004,-0.743,-1.407,-1.645,-1.211,-0.646,-0.378,0.159,-0.363,0.721,-1.173,1.484,-1.918,0.69,-0.285,0.238,-1.395,-1.234,1.154,1.878,-0.747,0.719,1.458,1.603,-1.631,-1.835,-1.31,1.535
307,15.0,23.0,0.0,25.0,29.0,8.0,1.359,-1.244,-1.83,-0.581,-0.872,0.103,-0.808,-0.824,-1.522,-0.976,1.718,-0.894,0.883,1.443,1.211,-1.163,-1.32,-1.807,-1.821,-1.248,2.035,-0.558,1.043,-0.086,0.078,1.766,-1.566,-0.176,-1.45,0.125
308,6.0,26.0,26.0,28.0,6.0,3.0,1.602,-0.658,1.286,-1.847,-1.606,0.392,0.069,-0.37,-0.658,0.476,-0.278,0.911,0.064,0.304,0.559,1.955,1.259,-0.382,1.485,1.343,-1.766,0.882,1.246,0.972,0.865,0.129,-1.46,1.801,-0.363,-1.144
309,13.0,28.0,29.0,30.0,18.0,17.0,1.1,-1.048,1.34,1.846,1.929,-0.173,0.411,1.062,0.572,0.884,-1.869,-0.823,-1.799,1.396,-0.473,0.68,-0.973,-0.651,-1.968,-0.575,1.834,-1.113,-0.748,1.711,-1.84,-1.704,0.481,1.531,-1.979,1.008
310,3.0,19.0,8.0,2.0,24.0,11.0,0.199,0.784,-0.831,0.072,1.591,1.634,-1.495,-1.124,-1.816,-0.23,-1.902,-0.217,0.597,-0.903,0.735,0.389,-1.865,0.281,-0.997,-0.379,-0.875,0.77,-0.25,-1.421,0.148,1.1,-0.754,-1.116,-0.417,1.747
311,10.0,14.0,7.0,19.0,27.0,4.0,1.111,-1.921,0.507,1.025,-0.022,-1.116,-1.169,0.995,-1.276,-1.624,0.778,1.775,-1.948,0.017,1.253,0.421,0.85,-0.803,1.671,0.875,0.181,-1.383,-0.477,0.73,-0.251,-0.301,0.441,0.016,0.631,0.416
312,12.0,4.0,11.0,19.0,17.0,19.0,-1.353,0.912,-0.956,0.086,-1.962,1.685,1.608,-1.867,1.873,-1.481,-0.874,0.454,1.754,1.452,-2.029,0.04,0.189,-0.089,1.062,-1.359,1.055,-1.931,-1.445,-1.575,-0.781,0.712,-0.087,1.294,-0.83,0.89
313,4.0,9.0,7.0,2.0,2.0,29.0,1.899,0.222,1.933,0.825,0.835,-1.118,1.867,-2.018,-1.014,-0.235,1.089,-1.169,1.468,1.904,-1.365,0.429,-2.014,-0.502,-1.862,1.803,-0.245,1.811,1.187,1.426,-1.291,-1.684,0.361,-1.295,0.894,-0.407
314,7.0,14.0,11.0,4.0,7.0,17.0,-1.658,1.166,-0.254,0.873,1.918,0.176,-0.04,-1.747,-0.892,0.034,0.695,1.236,-0.447,-1.786,-0.854,1.603,-1.187,-0.205,1.757,-1.867,0.448,1.77,-1.129,0.199,1.588,-1.435,0.131,1.007,0.645,-0.106
315,13.0,3.0,17.0,2.0,17.0,3.0,1.142,-1.031,1.249,1.834,1.935,-0.164,0.401,1.111,0.609,0.931,-1.909,-0.849,-1.804,1.411,-0.481,0.747,-0.977,-0.648,-1.975,-0.579,1.785,-1.177,-0.764,1.68,-1.826,-1.76,0.5,1.493,-2.006,0.968
316,11.0,0.0,15.0,1.0,0.0,29.0,-1.272,-1.945,-0.144,0.882,-0.293,-0.035,-1.927,-0.025,1.794,1.361,0.876,-1.534,1.624,1.389,-1.379,0.547,-1.933,-1.534,-0.757,-1.388,0.991,1.236,-0.582,-0.707,-1.512,-1.659,0.823,0.439,-1.755,-0.065
317,6.0,16.0,16.0,30.0,25.0,25.0,1.611,-0.713,1.301,-1.843,-1.601,0.385,0.13,-0.279,-0.632,0.448,-0.276,0.925,0.121,0.301,0.581,1.982,1.232,-0.369,1.517,1.296,-1.758,0.849,1.176,0.995,0.842,0.184,-1.525,1.834,-0.397,-1.087
318,2.0,29.0,30.0,16.0,2.0,6.0,-0.212,-1.886,0.21,-0.269,-0.348,-0.679,-1.172,0.461,-0.754,-0.909,0.522,0.162,-1.425,0.088,-1.217,1.175,1.424,0.01,1.34,-1.647,0.012,-1.773,-0.276,-1.643,-1.494,0.364,-1.051,-1.559,-1.167,-0.617
319,8.0,4.0,13.0,7.0,2.0,15.0,1.447,1.859,1.463,0.109,-1.049,-2.0,-0.312,-0.385,0.083,-0.062,0.261,0.206,1.085,0.895,0.451,-0.308,-0.798,1.847,-0.703,-1.166,-1.722,1.919,-1.488,-0.678,-1.691,-1.129,-0.397,1.627,-0.668,1.889
320,7.0,22.0,21.0,22.0,2.0,4.0,-1.707,1.12,-0.198,0.846,1.873,0.173,-0.035,-1.758,-0.961,-0.024,0.732,1.176,-0.517,-1.708,-0.832,1.658,-1.111,-0.168,1.74,-1.915,0.398,1.8,-1.056,0.161,1.621,-1.487,0.05,0.988,0.715,-0.09
321,14.0,0.0,9.0,6.0,20.0,23.0,0.039,1.136,1.491,-1.997,-0.733,1.865,0.016,-0.758,0.123,-1.138,1.256,-0.671,0.135,-1.979,0.709,-1.124,1.774,-0.503,1.02,1.014,1.516,-1.53,-0.768,-0.141,0.652,-0.992,0.81,0.634,-1.305,-0.689
322,8.0,20.0,25.0,1.0,0.0,28.0,1.5,1.885,1.497,0.152,-1.041,-1.996,-0.308,-0.36,0.11,-0.058,0.219,0.161,1.059,0.893,0.464,-0.328,-0.851,1.937,-0.634,-1.173,-1.69,1.937,-1.476,-0.737,-1.755,-1.06,-0.388,1.553,-0.59,1.969
323,13.0,8.0,11.0,1.0,20.0,10.0,1.064,-1.02,1.338,1.831,1.887,-0.188,0.486,1.06,0.583,0.852,-1.822,-0.84,-1.771,1.379,-0.558,0.753,-0.979,-0.59,-1.927,-0.552,1.791,-1.141,-0.715,1.694,-1.865,-1.709,0.538,1.493,-1.974,0.989
324,11.0,1.0,1.0,22.0,16.0,17.0,-1.305,-1.936,-0.158,0.886,-0.327,-0.079,-1.98,-0.004,1.792,1.417,0.903,-1.525,1.594,1.403,-1.376,0.534,-1.893,-1.521,-0.784,-1.379,1.004,1.301,-0.625,-0.741,-1.562,-1.688,0.828,0.387,-1.732,-0.063
325,15.0,0.0,6.0,13.0,25.0,5.0,1.398,-1.313,-1.759,-0.523,-0.874,0.109,-0.768,-0.788,-1.556,-1.023,1.658,-0.958,0.849,1.439,1.244,-1.156,-1.346,-1.798,-1.835,-1.179,1.984,-0.532,1.08,-0.068,0.029,1.819,-1.587,-0.09,-1.47,0.155
326,0.0,9.0,17.0,10.0,6.0,25.0,0.164,0.882,0.46,0.157,-0.348,0.553,-0.261,1.548,1.865,-0.484,1.126,0.075,0.273,1.672,-1.742,-1.618,-1.964,1.336,1.147,1.499,1.924,1.208,-0.182,1.14,-1.527,0.556,-1.426,1.799,0.087,-0.317
327,8.0,22.0,1.0,13.0,10.0,5.0,1.467,1.913,1.448,0.085,-1.09,-1.935,-0.259,-0.403,0.104,-0.106,0.197,0.132,1.082,0.855,0.467,-0.258,-0.851,1.932,-0.622,-1.104,-1.752,1.893,-1.535,-0.709,-1.762,-1.136,-0.406,1.593,-0.6,1.945
328,6.0,17.0,6.0,11.0,25.0,28.0,1.525,-0.628,1.333,-1.811,-1.592,0.394,0.117,-0.353,-0.652,0.467,-0.224,0.979,0.054,0.351,0.62,1.923,1.323,-0.309,1.554,1.27,-1.769,0.835,1.198,0.904,0.878,0.209,-1.478,1.787,-0.379,-1.146
329,1.0,23.0,15.0,18.0,18.0,9.0,-0.308,0.918,-2.003,-0.822,-1.387,-1.616,-1.231,-0.656,-0.458,0.205,-0.295,0.746,-1.217,1.541,-1.874,0.684,-0.287,0.261,-1.47,-1.176,1.203,1.923,-0.741,0.815,1.553,1.6,-1.648,-1.87,-1.273,1.534
330,5.0,21.0,0.0,12.0,23.0,29.0,-1.11,1.473,-1.152,1.672,-0.044,0.449,1.058,0.067,-0.773,-1.295,-1.707,0.973,-0.253,-1.363,1.49,-0.943,-0.335,-0.826,0.483,0.35,0.391,-0.948,-0.849,-1.004,-0.681,-1.437,-1.327,1.882,1.792,-1.227
331,5.0,11.0,7.0,15.0,20.0,10.0,-1.1,1.53,-1.132,1.706,-0.002,0.469,1.066,0.119,-0.809,-1.244,-1.718,0.922,-0.219,-1.352,1.533,-0.907,-0.321,-0.804,0.548,0.294,0.37,-0.921,-0.837,-1.024,-0.7,-1.405,-1.365,1.874,1.886,-1.264
332,6.0,23.0,6.0,21.0,21.0,10.0,1.572,-0.665,1.327,-1.874,-1.556,0.391,0.147,-0.293,-0.688,0.474,-0.279,0.97,0.091,0.338,0.606,1.945,1.261,-0.375,1.532,1.256,-1.735,0.834,1.224,0.901,0.794,0.211,-1.513,1.828,-0.404,-1.152
333,13.0,19.0,4.0,24.0,23.0,6.0,1.089,-1.053,1.29,1.898,1.906,-0.183,0.392,1.1,0.566,0.927,-1.884,-0.807,-1.806,1.394,-0.54,0.677,-0.976,-0.623,-1.979,-0.572,1.772,-1.144,-0.733,1.705,-1.844,-1.781,0.536,1.543,-1.941,1.015
334,12.0,2.0,4.0,9.0,22.0,16.0,-1.387,0.94,-0.966,0.165,-1.896,1.69,1.634,-1.871,1.782,-1.447,-0.876,0.413,1.738,1.38,-2.025,0.078,0.179,-0.031,1.026,-1.321,1.097,-1.916,-1.426,-1.515,-0.748,0.709,-0.156,1.263,-0.88,0.945
335,8.0,17.0,16.0,16.0,10.0,17.0,1.52,1.922,1.516,0.13,-1.031,-2.003,-0.285,-0.361,0.108,-0.131,0.193,0.195,1.038,0.888,0.527,-0.329,-0.804,1.865,-0.671,-1.08,-1.761,1.893,-1.46,-0.761,-1.687,-1.11,-0.416,1.584,-0.634,1.902
336,13.0,27.0,17.0,16.0,28.0,20.0,1.118,-1.056,1.286,1.899,1.863,-0.177,0.478,1.098,0.608,0.925,-1.872,-0.833,-1.731,1.453,-0.521,0.714,-1.025,-0.573,-1.913,-0.523,1.833,-1.174,-0.761,1.696,-1.828,-1.723,0.528,1.489,-1.946,1.03
337,15.0,12.0,25.0,3.0,26.0,5.0,1.431,-1.319,-1.809,-0.56,-0.872,0.071,-0.825,-0.76,-1.52,-0.953,1.695,-0.937,0.838,1.506,1.193,-1.165,-1.318,-1.79,-1.835,-1.157,2.021,-0.462,1.036,-0.109,0.07,1.776,-1.573,-0.17,-1.438,0.111
338,11.0,10.0,12.0,8.0,21.0,10.0,-1.248,-1.932,-0.197,0.92,-0.292,-0.032,-1.956,-0.096,1.722,1.425,0.932,-1.519,1.608,1.457,-1.304,0.564,-1.883,-1.505,-0.73,-1.386,1.006,1.239,-0.618,-0.71,-1.59,-1.617,0.884,0.355,-1.755,-0.087
339,5.0,29.0,24.0,16.0,28.0,11.0,-1.068,1.518,-1.216,1.65,-0.031,0.461,1.023,0.032,-0.817,-1.203,-1.699,1.003,-0.281,-1.321,1.556,-0.881,-0.348,-0.823,0.504,0.302,0.39,-0.925,-0.847,-0.949,-0.714,-1.391,-1.297,1.891,1.82,-1.198
340,7.0,5.0,11.0,3.0,5.0,1.0,-1.673,1.078,-0.254,0.913,1.901,0.146,0.017,-1.723,-0.953,0.018,0.717,1.241,-0.498,-1.689,-0.891,1.685,-1.144,-0.186,1.726,-1.887,0.421,1.828,-1.069,0.218,1.595,-1.461,0.11,1.018,0.676,-0.15
341,12.0,20.0,17.0,12.0,14.0,19.0,-1.403,0.959,-0.935,0.171,-1.912,1.718,1.58,-1.858,1.785,-1.448,-0.816,0.387,1.781,1.446,-1.941,0.087,0.245,-0.084,1.035,-1.404,1.043,-1.907,-1.437,-1.552,-0.801,0.658,-0.136,1.245,-0.886,0.927
342,2.0,3.0,12.0,8.0,13.0,24.0,-0.216,-1.859,0.2,-0.252,-0.362,-0.727,-1.214,0.462,-0.762,-0.944,0.519,0.117,-1.502,0.099,-1.263,1.157,1.458,0.021,1.359,-1.703,0.037,-1.734,-0.269,-1.577,-1.479,0.342,-1.124,-1.526,-1.107,-0.568
343,5.0,16.0,22.0,28.0,10.0,14.0,-1.158,1.507,-1.158,1.719,-0.025,0.429,1.061,0.12,-0.776,-1.246,-1.656,0.915,-0.207,-1.391,1.524,-0.888,-0.319,-0.821,0.506,0.314,0.444,-0.933,-0.897,-1.006,-0.648,-1.382,-1.306,1.887,1.873,-1.209
344,13.0,17.0,19.0,7.0,10.0,19.0,1.154,-1.092,1.339,1.883,1.847,-0.208,0.422,1.108,0.589,0.899,-1.885,-0.784,-1.806,1.43,-0.547,0.71,-1.024,-0.57,-1.933,-0.564,1.813,-1.092,-0.714,1.652,-1.887,-1.705,0.556,1.45,-1.928,0.939
345,3.0,13.0,21.0,29.0,20.0,8.0,0.157,0.817,-0.806,0.055,1.528,1.625,-1.505,-1.153,-1.842,-0.195,-1.912,-0.126,0.564,-0.918,0.751,0.35,-1.905,0.268,-0.959,-0.33,-0.832,0.799,-0.273,-1.38,0.159,1.099,-0.735,-1.098,-0.476,1.712
346,1.0,7.0,0.0,23.0,7.0,4.0,-0.312,0.865,-2.037,-0.828,-1.372,-1.643,-1.259,-0.57,-0.38,0.124,-0.369,0.755,-1.176,1.464,-1.921,0.713,-0.318,0.255,-1.405,-1.177,1.175,1.918,-0.744,0.798,1.504,1.535,-1.648,-1.833,-1.31,1.517
347,2.0,28.0,19.0,29.0,28.0,8.0,-0.294,-1.938,0.17,-0.287,-0.298,-0.652,-1.197,0.485,-0.759,-0.939,0.525,0.133,-1.484,0.022,-1.218,1.171,1.419,-0.015,1.403,-1.672,0.009,-1.782,-0.277,-1.597,-1.455,0.4,-1.064,-1.558,-1.14,-0.642
348,10.0,1.0,4.0,21.0,19.0,28.0,1.105,-1.943,0.518,0.967,-0.025,-1.083,-1.176,1.084,-1.274,-1.66,0.79,1.785,-1.934,0.017,1.296,0.484,0.926,-0.793,1.702,0.876,0.172,-1.408,-0.512,0.676,-0.242,-0.312,0.428,0.101,0.552,0.368
349,13.0,27.0,23.0,27.0,28.0,24.0,1.081,-1.025,1.263,1.832,1.939,-0.207,0.452,1.075,0.563,0.876,-1.814,-0.825,-1.769,1.405,-0.469,0.76,-0.985,-0.596,-1.938,-0.521,1.838,-1.138,-0.71,1.649,-1.876,-1.711,0.527,1.468,-1.987,0.939
350,3.0,25.0,3.0,4.0,26.0,10.0,0.222,0.863,-0.818,0.064,1.615,1.572,-1.504,-1.219,-1.792,-0.22,-1.875,-0.123,0.584,-0.917,0.736,0.409,-1.868,0.261,-0.914,-0.294,-0.841,0.732,-0.274,-1.384,0.158,1.154,-0.763,-1.064,-0.472,1.794
351,15.0,11.0,1.0,17.0,12.0,25.0,1.357,-1.241,-1.755,-0.512,-0.856,0.135,-0.815,-0.79,-1.52,-0.964,1.626,-0.973,0.915,1.47,1.277,-1.108,-1.377,-1.834,-1.802,-1.156,2.038,-0.505,1.071,-0.154,0.015,1.736,-1.531,-0.139,-1.391,0.198
352,8.0,5.0,22.0,2.0,7.0,5.0,1.512,1.91,1.429,0.119,-1.033,-1.937,-0.301,-0.37,0.07,-0.073,0.257,0.129,1.03,0.851,0.452,-0.299,-0.891,1.872,-0.665,-1.089,-1.785,1.929,-1.498,-0.695,-1.738,-1.068,-0.474,1.55,-0.602,1.933
353,2.0,18.0,10.0,11.0,28.0,7.0,-0.283,-1.877,0.169,-0.233,-0.344,-0.677,-1.134,0.432,-0.814,-0.937,0.515,0.136,-1.482,0.089,-1.245,1.179,1.447,-0.003,1.343,-1.715,0.051,-1.776,-0.281,-1.61,-1.511,0.362,-1.079,-1.581,-1.152,-0.592
354,1.0,29.0,15.0,16.0,27.0,27.0,-0.289,0.875,-2.046,-0.81,-1.463,-1.665,-1.268,-0.574,-0.371,0.154,-0.32,0.754,-1.208,1.476,-1.89,0.71,-0.364,0.211,-1.427,-1.253,1.24,1.91,-0.735,0.744,1.468,1.574,-1.63,-1.801,-1.303,1.548
355,1.0,11.0,2.0,20.0,17.0,18.0,-0.347,0.856,-2.025,-0.762,-1.445,-1.641,-1.244,-0.606,-0.409,0.19,-0.371,0.739,-1.172,1.517,-1.868,0.671,-0.344,0.219,-1.472,-1.22,1.209,1.867,-0.756,0.794,1.529,1.599,-1.646,-1.851,-1.293,1.515
356,15.0,11.0,22.0,8.0,28.0,25.0,1.372,-1.275,-1.772,-0.549,-0.93,0.154,-0.737,-0.761,-1.596,-0.955,1.678,-0.962,0.849,1.483,1.249,-1.12,-1.377,-1.848,-1.816,-1.162,2.002,-0.497,1.032,-0.144,0.071,1.815,-1.532,-0.161,-1.431,0.11
357,0.0,15.0,7.0,9.0,4.0,26.0,0.163,0.819,0.394,0.219,-0.258,0.599,-0.299,1.563,1.888,-0.42,1.159,0.114,0.292,1.709,-1.732,-1.696,-1.951,1.372,1.108,1.493,1.878,1.186,-0.121,1.121,-1.502,0.565,-1.455,1.781,0.129,-0.335
358,14.0,18.0,1.0,1.0,30.0,30.0,0.094,1.114,1.475,-1.942,-0.732,1.797,0.047,-0.769,0.124,-1.15,1.196,-0.649,0.153,-1.948,0.687,-1.154,1.767,-0.459,1.014,1.035,1.505,-1.529,-0.803,-0.054,0.689,-0.968,0.854,0.616,-1.283,-0.748
359,9.0,21.0,22.0,1.0,9.0,26.0,-1.951,0.044,-0.048,-1.495,-1.395,-1.105,-0.316,-0.971,-1.71,-0.661,-1.285,1.467,1.774,-1.819,0.812,0.246,1.555,0.633,0.189,0.847,-0.449,0.767,1.27,-0.108,1.781,1.22,1.887,-1.308,0.054,1.815
360,8.0,20.0,2.0,29.0,2.0,4.0,1.543,1.882,1.444,0.17,-1.114,-1.963,-0.321,-0.428,0.115,-0.131,0.181,0.14,1.092,0.854,0.477,-0.32,-0.87,1.873,-0.666,-1.082,-1.716,1.9,-1.538,-0.715,-1.725,-1.071,-0.426,1.622,-0.592,1.919
361,2.0,19.0,20.0,17.0,4.0,10.0,-0.274,-1.859,0.243,-0.228,-0.362,-0.695,-1.18,0.488,-0.759,-0.977,0.46,0.105,-1.437,0.066,-1.266,1.156,1.42,0.015,1.407,-1.719,0.045,-1.742,-0.276,-1.624,-1.459,0.404,-1.063,-1.535,-1.167,-0.567
362,3.0,8.0,9.0,28.0,24.0,11.0,0.215,0.864,-0.825,0.076,1.62,1.591,-1.536,-1.158,-1.804,-0.187,-1.837,-0.163,0.6,-0.927,0.666,0.384,-1.944,0.232,-0.915,-0.33,-0.909,0.81,-0.234,-1.415,0.187,1.095,-0.788,-1.093,-0.457,1.771
363,5.0,1.0,5.0,1.0,7.0,15.0,-1.125,1.517,-1.142,1.67,-0.028,0.467,1.078,0.107,-0.778,-1.273,-1.681,0.968,-0.238,-1.324,1.528,-0.878,-0.389,-0.774,0.522,0.322,0.382,-0.932,-0.909,-1.033,-0.695,-1.421,-1.379,1.832,1.886,-1.235
364,4.0,21.0,29.0,1.0,6.0,18.0,1.859,0.196,1.891,0.814,0.751,-1.138,1.93,-1.929,-0.945,-0.249,1.109,-1.164,1.414,1.911,-1.388,0.34,-1.983,-0.436,-1.812,1.834,-0.205,1.777,1.109,1.472,-1.261,-1.722,0.389,-1.301,0.915,-0.336
365,3.0,27.0,4.0,23.0,19.0,30.0,0.248,0.872,-0.881,0.063,1.614,1.571,-1.457,-1.129,-1.812,-0.199,-1.904,-0.19,0.58,-0.923,0.695,0.38,-1.884,0.266,-0.93,-0.376,-0.846,0.751,-0.224,-1.399,0.207,1.133,-0.736,-1.097,-0.495,1.778
366,13.0,0.0,29.0,3.0,9.0,0.0,1.114,-1.066,1.332,1.893,1.904,-0.172,0.467,1.062,0.563,0.842,-1.849,-0.794,-1.787,1.457,-0.556,0.752,-1.019,-0.626,-1.956,-0.596,1.762,-1.085,-0.772,1.69,-1.857,-1.728,0.478,1.456,-1.982,0.955
367,4.0,24.0,19.0,24.0,20.0,26.0,1.876,0.151,1.904,0.844,0.83,-1.107,1.906,-2.0,-0.963,-0.309,1.094,-1.199,1.49,1.953,-1.297,0.347,-1.936,-0.439,-1.783,1.793,-0.225,1.793,1.138,1.514,-1.294,-1.661,0.357,-1.304,0.934,-0.324
368,12.0,0.0,16.0,6.0,14.0,2.0,-1.432,0.916,-0.926,0.091,-1.948,1.666,1.577,-1.871,1.792,-1.491,-0.892,0.468,1.759,1.407,-1.991,0.093,0.181,-0.091,1.103,-1.347,1.052,-1.867,-1.492,-1.517,-0.727,0.714,-0.087,1.281,-0.811,0.975
369,8.0,23.0,15.0,3.0,9.0,5.0,1.479,1.918,1.472,0.087,-1.115,-1.993,-0.309,-0.433,0.121,-0.089,0.247,0.126,0.998,0.872,0.435,-0.337,-0.809,1.901,-0.617,-1.174,-1.698,1.963,-1.482,-0.756,-1.676,-1.069,-0.467,1.555,-0.654,1.987
370,1.0,5.0,18.0,12.0,4.0,23.0,-0.343,0.899,-1.957,-0.795,-1.392,-1.622,-1.273,-0.622,-0.409,0.158,-0.36,0.76,-1.211,1.527,-1.866,0.658,-0.312,0.281,-1.397,-1.231,1.226,1.86,-0.708,0.795,1.464,1.531,-1.611,-1.867,-1.326,1.555
371,6.0,18.0,25.0,11.0,12.0,16.0,1.594,-0.684,1.257,-1.852,-1.594,0.425,0.147,-0.366,-0.681,0.457,-0.206,0.916,0.112,0.284,0.626,1.938,1.248,-0.396,1.519,1.272,-1.811,0.825,1.162,0.928,0.8,0.137,-1.461,1.86,-0.411,-1.088
372,2.0,9.0,12.0,23.0,12.0,3.0,-0.282,-1.861,0.188,-0.291,-0.312,-0.676,-1.158,0.442,-0.759,-0.897,0.518,0.086,-1.477,0.019,-1.225,1.143,1.419,-0.048,1.34,-1.714,-0.029,-1.754,-0.246,-1.579,-1.51,0.389,-1.144,-1.595,-1.115,-0.646
373,15.0,12.0,9.0,11.0,26.0,22.0,1.364,-1.24,-1.775,-0.583,-0.905,0.114,-0.775,-0.791,-1.583,-1.005,1.691,-0.927,0.878,1.467,1.272,-1.154,-1.283,-1.838,-1.814,-1.159,1.995,-0.554,1.041,-0.083,0.047,1.782,-1.531,-0.104,-1.401,0.178
374,12.0,15.0,0.0,19.0,23.0,24.0,-1.353,0.926,-0.934,0.161,-1.93,1.668,1.633,-1.881,1.802,-1.446,-0.868,0.384,1.777,1.42,-1.972,0.07,0.234,-0.104,1.026,-1.407,1.094,-1.925,-1.459,-1.584,-0.743,0.656,-0.081,1.227,-0.882,0.933
375,5.0,13.0,19.0,3.0,13.0,7.0,-1.09,1.447,-1.145,1.625,-0.042,0.46,1.113,0.114,-0.831,-1.259,-1.69,0.936,-0.221,-1.331,1.565,-0.912,-0.326,-0.824,0.553,0.334,0.357,-0.969,-0.829,-0.938,-0.706,-1.402,-1.344,1.861,1.878,-1.211
376,14.0,20.0,24.0,1.0,23.0,28.0,0.019,1.043,1.462,-1.973,-0.748,1.861,0.026,-0.702,0.119,-1.081,1.237,-0.639,0.118,-1.986,0.696,-1.191,1.685,-0.463,0.973,1.02,1.472,-1.519,-0.778,-0.078,0.684,-0.968,0.852,0.581,-1.292,-0.668
377,8.0,26.0,12.0,1.0,23.0,12.0,1.463,1.845,1.52,0.138,-1.091,-1.931,-0.229,-0.351,0.102,-0.136,0.188,0.152,1.059,0.885,0.449,-0.264,-0.859,1.928,-0.682,-1.156,-1.78,1.904,-1.462,-0.669,-1.725,-1.102,-0.387,1.632,-0.608,1.92
378,14.0,23.0,25.0,25.0,10.0,19.0,0.04,1.106,1.499,-2.011,-0.803,1.862,0.071,-0.744,0.142,-1.164,1.194,-0.64,0.181,-1.979,0.684,-1.203,1.733,-0.485,1.029,1.029,1.518,-1.549,-0.751,-0.051,0.65,-1.015,0.844,0.628,-1.23,-0.716
379,14.0,28.0,23.0,20.0,10.0,12.0,0.017,1.064,1.498,-1.941,-0.742,1.857,0.057,-0.737,0.171,-1.16,1.216,-0.653,0.181,-1.937,0.649,-1.18,1.708,-0.528,0.971,1.033,1.522,-1.606,-0.827,-0.083,0.647,-0.953,0.776,0.66,-1.268,-0.747
380,1.0,16.0,12.0,5.0,5.0,20.0,-0.375,0.838,-1.951,-0.823,-1.418,-1.633,-1.295,-0.632,-0.46,0.173,-0.349,0.786,-1.155,1.522,-1.934,0.718,-0.313,0.205,-1.394,-1.217,1.178,1.921,-0.71,0.801,1.49,1.616,-1.672,-1.876,-1.274,1.522
381,14.0,6.0,7.0,15.0,6.0,21.0,0.055,1.124,1.473,-1.982,-0.799,1.802,0.012,-0.687,0.115,-1.144,1.27,-0.676,0.163,-2.004,0.719,-1.133,1.766,-0.546,1.028,1.046,1.481,-1.578,-0.785,-0.105,0.716,-0.966,0.781,0.605,-1.304,-0.7
382,7.0,1.0,0.0,14.0,7.0,16.0,-1.682,1.095,-0.221,0.869,1.959,0.204,0.04,-1.669,-0.882,0.04,0.699,1.24,-0.49,-1.75,-0.868,1.615,-1.187,-0.206,1.743,-1.853,0.376,1.808,-1.092,0.149,1.61,-1.51,0.134,1.001,0.66,-0.142
383,5.0,25.0,3.0,23.0,22.0,0.0,-1.082,1.478,-1.189,1.68,-0.073,0.49,1.032,0.068,-0.788,-1.229,-1.653,0.928,-0.257,-1.362,1.549,-0.941,-0.301,-0.768,0.549,0.354,0.42,-0.917,-0.872,-0.939,-0.685,-1.472,-1.348,1.878,1.802,-1.207
384,12.0,4.0,18.0,11.0,19.0,7.0,-1.371,0.969,-0.952,0.092,-1.91,1.667,1.622,-1.903,1.8,-1.497,-0.85,0.457,1.742,1.39,-2.018,0.109,0.186,-0.073,1.082,-1.316,1.039,-1.874,-1.409,-1.538,-0.783,0.724,-0.118,1.219,-0.835,0.962
385,0.0,1.0,4.0,13.0,1.0,17.0,0.239,0.87,0.391,0.141,-0.288,0.604,-0.254,1.52,1.818,-0.501,1.182,0.123,0.277,1.679,-1.671,-1.673,-1.959,1.38,1.103,1.516,1.96,1.2,-0.18,1.162,-1.501,0.581,-1.435,1.746,0.071,-0.391
386,14.0,13.0,22.0,28.0,1.0,15.0,0.052,1.046,1.522,-1.946,-0.734,1.859,0.066,-0.695,0.148,-1.13,1.18,-0.646,0.172,-1.987,0.741,-1.176,1.747,-0.551,1.051,1.007,1.495,-1.579,-0.846,-0.076,0.684,-0.953,0.847,0.674,-1.292,-0.711
387,8.0,13.0,29.0,13.0,7.0,5.0,1.452,1.828,1.45,0.109,-1.054,-1.995,-0.279,-0.395,0.117,-0.052,0.228,0.156,1.03,0.847,0.494,-0.284,-0.873,1.868,-0.622,-1.161,-1.697,1.894,-1.461,-0.693,-1.674,-1.139,-0.401,1.541,-0.587,1.956
388,10.0,10.0,6.0,17.0,9.0,0.0,1.059,-1.966,0.492,0.964,-0.054,-1.054,-1.203,1.027,-1.373,-1.685,0.719,1.778,-1.939,0.02,1.229,0.434,0.912,-0.862,1.708,0.883,0.136,-1.432,-0.493,0.722,-0.248,-0.243,0.5,0.092,0.635,0.389
389,7.0,6.0,12.0,12.0,3.0,0.0,-1.717,1.097,-0.27,0.886,1.949,0.2,0.048,-1.67,-0.892,-0.002,0.726,1.26,-0.521,-1.728,-0.891,1.652,-1.191,-0.157,1.688,-1.886,0.418,1.785,-1.119,0.215,1.599,-1.498,0.114,1.014,0.715,-0.143
390,13.0,30.0,1.0,0.0,12.0,7.0,1.15,-1.049,1.292,1.87,1.895,-0.219,0.474,1.134,0.531,0.851,-1.908,-0.842,-1.8,1.389,-0.511,0.717,-0.943,-0.618,-1.947,-0.588,1.763,-1.088,-0.691,1.628,-1.872,-1.734,0.545,1.458,-1.98,0.961
391,15.0,15.0,23.0,13.0,3.0,1.0,1.406,-1.237,-1.823,-0.526,-0.854,0.09,-0.748,-0.76,-1.525,-1.009,1.627,-0.895,0.899,1.425,1.18,-1.186,-1.31,-1.81,-1.819,-1.242,2.0,-0.516,1.089,-0.115,0.045,1.747,-1.588,-0.16,-1.448,0.169
392,8.0,3.0,19.0,7.0,26.0,17.0,1.472,1.867,1.51,0.167,-1.071,-1.928,-0.245,-0.368,0.046,-0.111,0.189,0.22,0.997,0.858,0.464,-0.318,-0.868,1.85,-0.691,-1.173,-1.706,1.95,-1.48,-0.674,-1.751,-1.076,-0.404,1.627,-0.664,1.975
393,13.0,11.0,27.0,20.0,22.0,26.0,1.095,-1.022,1.278,1.828,1.917,-0.163,0.423,1.086,0.589,0.891,-1.894,-0.761,-1.794,1.426,-0.511,0.766,-1.009,-0.641,-1.927,-0.532,1.824,-1.118,-0.743,1.69,-1.853,-1.783,0.502,1.447,-1.97,1.013
394,4.0,3.0,1.0,20.0,6.0,4.0,1.875,0.178,1.895,0.844,0.827,-1.121,1.89,-1.95,-0.944,-0.274,1.148,-1.231,1.496,1.923,-1.346,0.427,-1.974,-0.422,-1.851,1.809,-0.28,1.781,1.182,1.424,-1.324,-1.661,0.437,-1.369,0.931,-0.366
395,10.0,10.0,24.0,2.0,7.0,21.0,1.118,-1.932,0.578,1.017,-0.017,-1.132,-1.231,1.02,-1.317,-1.668,0.701,1.806,-1.986,0.054,1.234,0.449,0.887,-0.85,1.659,0.834,0.136,-1.477,-0.493,0.704,-0.216,-0.286,0.52,0.039,0.631,0.364
396,2.0,18.0,14.0,29.0,13.0,16.0,-0.226,-1.885,0.192,-0.248,-0.303,-0.666,-1.228,0.441,-0.754,-0.884,0.438,0.099,-1.507,0.027,-1.222,1.166,1.434,0.017,1.34,-1.695,-0.001,-1.708,-0.25,-1.656,-1.52,0.365,-1.108,-1.578,-1.114,-0.643
397,6.0,4.0,12.0,30.0,5.0,26.0,1.561,-0.649,1.281,-1.872,-1.614,0.34,0.139,-0.372,-0.663,0.465,-0.231,0.927,0.052,0.279,0.599,1.985,1.32,-0.357,1.477,1.287,-1.774,0.882,1.238,0.933,0.826,0.17,-1.525,1.836,-0.383,-1.134
398,8.0,13.0,11.0,19.0,17.0,14.0,1.515,1.92,1.46,0.172,-1.021,-1.953,-0.288,-0.366,0.139,-0.057,0.186,0.133,1.066,0.889,0.446,-0.306,-0.872,1.859,-0.644,-1.164,-1.775,1.934,-1.467,-0.744,-1.736,-1.124,-0.396,1.592,-0.631,1.929
399,11.0,30.0,18.0,23.0,16.0,14.0,-1.3,-1.956,-0.127,0.929,-0.3,-0.106,-1.965,-0.098,1.801,1.449,0.872,-1.564,1.567,1.415,-1.384,0.556,-1.928,-1.575,-0.752,-1.342,1.071,1.269,-0.58,-0.708,-1.509,-1.617,0.832,0.445,-1.779,-0.079
